bodyparts,forehead,forehead,forehead,trunk_base,trunk_base,trunk_base,trunk_01,trunk_01,trunk_01,trunk_02,trunk_02,trunk_02,trunk_03,trunk_03,trunk_03,trunk_04,trunk_04,trunk_04,trunk_nose,trunk_nose,trunk_nose,right_eartop,right_eartop,right_eartop,right_earmid,right_earmid,right_earmid,right_earbtm,right_earbtm,right_earbtm,right_tusk_end,right_tusk_end,right_tusk_end,left_eartop,left_eartop,left_eartop,left_earmid,left_earmid,left_earmid,left_earbtm,left_earbtm,left_earbtm,left_tusk_end,left_tusk_end,left_tusk_end,upper_jaw,upper_jaw,upper_jaw,lower_jaw,lower_jaw,lower_jaw,right_eye,right_eye,right_eye,left_eye,left_eye,left_eye,back_base,back_base,back_base,back_end,back_end,back_end,back_middle,back_middle,back_middle,tail_base,tail_base,tail_base,tail_end,tail_end,tail_end,front_left_thai,front_left_thai,front_left_thai,front_left_knee,front_left_knee,front_left_knee,front_left_paw,front_left_paw,front_left_paw,front_right_thai,front_right_thai,front_right_thai,front_right_knee,front_right_knee,front_right_knee,front_right_paw,front_right_paw,front_right_paw,back_left_paw,back_left_paw,back_left_paw,back_left_thai,back_left_thai,back_left_thai,back_right_thai,back_right_thai,back_right_thai,back_left_knee,back_left_knee,back_left_knee,back_right_knee,back_right_knee,back_right_knee,back_right_paw,back_right_paw,back_right_paw,belly_bottom,belly_bottom,belly_bottom,body_middle_right,body_middle_right,body_middle_right,body_middle_left,body_middle_left,body_middle_left
coords,x,y,z,x,y,z,x,y,z,x,y,z,x,y,z,x,y,z,x,y,z,x,y,z,x,y,z,x,y,z,x,y,z,x,y,z,x,y,z,x,y,z,x,y,z,x,y,z,x,y,z,x,y,z,x,y,z,x,y,z,x,y,z,x,y,z,x,y,z,x,y,z,x,y,z,x,y,z,x,y,z,x,y,z,x,y,z,x,y,z,x,y,z,x,y,z,x,y,z,x,y,z,x,y,z,x,y,z,x,y,z,x,y,z,x,y,z
0,,,,,,,,,,,,,,,,150.32951,1.6041145,141.94954,,,,147.04507,2.4850194,135.39247,147.9147,-0.10432995,139.13347,,,,,,,,,,,,,146.31169,-0.7766239,141.23763,,,,149.17569,-0.36438084,142.04367,,,,,,,,,,144.313,0.1565724,137.3987,138.74286,3.7657442,132.82664,142.26965,1.1916369,134.80524,138.74286,3.7657442,132.82664,138.38335,15.926731,130.82698,144.44257,8.0217705,142.615,145.83177,12.556182,143.51678,145.97491,15.534887,143.46672,,,,143.864,13.43466,139.2397,144.71198,15.785205,137.51123,137.89618,16.561562,135.96541,137.61247,8.471616,136.09294,140.09741,8.798111,133.11707,137.87907,14.458289,136.0591,141.27087,14.746762,136.0969,140.92805,17.133621,136.77832,141.72745,10.648045,137.79918,,,,,,
1,,,,149.2609,2.6833396,143.05386,,,,,,,,,,150.39723,1.6001666,141.9828,,,,147.42436,2.5757005,135.36534,148.12538,-0.11470823,139.30269,,,,,,,,,,,,,146.52917,-0.7845484,141.40863,,,,149.27577,-0.36294872,142.10477,,,,,,,,,,144.39677,0.27129963,137.44164,138.85742,3.7595549,132.90465,142.30089,1.3043792,134.80832,138.85742,3.7595549,132.90465,138.952,15.927621,130.63184,144.5866,8.255156,142.70566,145.91759,12.767749,143.55002,146.02823,15.533388,143.51944,,,,144.06134,13.440042,139.43132,144.7874,15.914289,137.57774,137.92134,16.593279,135.94888,137.64359,8.537813,136.0806,140.34235,9.038654,133.31929,138.02196,14.473207,135.91571,141.48009,14.741186,136.2676,141.13843,17.130184,136.94968,141.79955,10.6566725,137.83246,,,,,,
2,,,,,,,,,,,,,,,,150.51593,1.5911875,142.07721,,,,147.43256,2.680422,135.38383,148.32228,-0.13234511,139.48842,,,,,,,,,,,,,146.65234,-0.7933846,141.48856,,,,149.3423,-0.3670492,142.13983,,,,,,,,,,144.41292,0.2719824,137.42397,138.97089,3.7716315,132.98671,142.49677,1.3066173,134.99387,138.97089,3.7716315,132.98671,139.0963,15.924836,130.7463,144.8068,8.268144,142.87877,145.95157,12.76758,143.5414,146.16809,15.721082,143.64838,,,,144.33914,13.571488,139.69548,145.00514,15.935119,137.78477,137.94096,16.593529,135.9287,137.70528,8.575502,136.09898,140.53073,9.052292,133.48564,138.09358,14.471809,135.94695,141.7961,14.732292,136.54713,141.45613,17.14358,137.23042,141.8868,10.770368,137.87645,,,,,,
3,,,,,,,,,,,,,,,,150.76276,1.5673966,142.29843,,,,147.47746,2.6908135,135.42676,148.46358,-0.15558548,139.6506,,,,,,,,,,,,,146.81291,-0.81799346,141.6442,,,,149.46077,-0.38798657,142.2464,,,,,,,,,,144.34885,0.27133864,137.39601,138.96465,3.7520075,133.0074,142.59148,1.3385035,135.10806,138.96465,3.7520075,133.0074,139.86902,15.686059,130.64732,144.78511,8.2555685,142.90196,145.9506,12.776197,143.5425,146.04915,15.463235,143.82683,,,,144.36978,13.576752,140.28012,143.50493,15.456901,139.56189,137.91817,16.504496,135.89542,137.70485,8.579373,136.09941,140.58919,9.128059,133.5734,138.04987,14.371385,135.88318,142.05652,14.676943,136.8284,141.72949,17.08381,137.49834,141.91571,10.779181,137.88466,,,,,,
4,,,,,,,,,,,,,,,,150.83089,1.5582136,142.30513,,,,147.56625,2.6782064,135.50674,148.3842,-0.17168881,139.87135,,,,,,,,,,,,,146.9598,-0.83492756,141.7579,,,,149.46553,-0.42723674,142.23944,,,,,,,,,,144.34734,0.2687477,137.39764,138.9975,3.9540076,133.03726,142.46732,1.3237964,135.27357,138.9975,3.9540076,133.03726,139.96881,15.523317,130.6275,144.89049,8.233982,143.0471,146.09193,12.857232,143.65799,146.07062,15.195044,143.81152,,,,144.44983,13.564738,140.35625,143.55328,15.384798,139.59294,137.93471,16.426033,135.87839,137.73528,8.719558,136.11385,140.64891,9.234248,133.67113,137.9317,14.357215,135.77919,142.06363,14.624175,136.87366,141.7551,17.02249,137.52574,142.05632,10.519332,137.92708,144.76425,5.722584,134.00465,,,
5,,,,149.76134,2.6741176,143.30766,,,,,,,,,,151.018,1.5496947,142.31947,,,,147.7794,2.6476882,135.80711,148.37323,-0.20343354,139.93849,,,,,,,,,,,,,147.08597,-0.8646978,141.74037,,,,149.527,-0.7539384,142.19981,,,,,,,,,,144.3334,0.24239765,137.38193,139.1996,3.9400203,133.22775,142.52261,1.3191707,135.40193,139.1996,3.9400203,133.22775,140.27322,15.431052,130.3439,144.74751,8.226332,143.2773,146.21027,12.911796,143.64041,146.03891,15.160453,143.83694,,,,145.00423,13.741147,140.8888,143.85757,15.325106,139.88701,138.01262,16.520144,135.82613,137.85274,9.047713,136.10237,140.62288,9.296948,133.77711,137.89687,14.316522,135.74709,142.06395,14.508384,137.02048,141.86934,16.944752,137.58604,142.13405,10.388206,137.83713,144.94469,5.7156034,133.9982,,,
6,,,,149.99983,2.6489756,143.3532,,,,,,,,,,151.12762,1.521577,142.25595,,,,147.75597,2.6179519,135.96613,148.37013,-0.22120056,139.93611,,,,,,,,,,,,,147.08846,-0.88523,141.74335,,,,149.4389,-0.7954137,142.56885,,,,,,,,,,144.33034,0.22462504,137.37961,139.24205,3.9839797,133.26773,142.59523,1.3082191,135.47131,139.24205,3.9839797,133.26773,140.63298,15.14766,130.60938,144.76834,8.265675,143.33,146.29721,12.913413,143.53949,146.009,15.151845,143.80779,,,,145.21494,13.8946,140.9063,144.04546,15.271663,139.8827,138.18796,16.43346,135.80566,137.98424,9.097434,136.03667,140.69534,9.3784075,134.06827,137.88531,14.415637,135.75896,142.02615,14.546461,137.21352,141.9647,17.01912,137.69377,142.29814,10.330748,137.80774,145.08003,5.684486,133.99031,,,
7,,,,,,,,,,,,,,,,151.18376,1.5007514,142.29674,,,,147.74846,2.5979404,136.02559,148.55786,-0.2455916,140.11159,,,,,,,,,,,,,147.11058,-0.8872865,141.76472,,,,149.50125,-0.80440474,142.62737,,,,,,,,,,144.35783,0.22088003,137.4059,139.27919,3.9443376,133.3039,142.61647,1.2998652,135.50008,139.27919,3.9443376,133.3039,140.73457,15.016041,130.5599,144.79646,8.2641,143.35794,146.30067,12.973602,143.54546,146.009,15.151845,143.80779,,,,145.43076,13.886916,141.11716,144.25275,15.198014,140.08498,138.22021,16.389326,135.82793,138.3599,9.123928,135.6533,140.72076,9.535332,134.08945,137.89268,14.457256,135.76384,142.03986,14.757603,137.26483,142.14131,16.99244,137.7093,142.32727,10.318482,137.83325,,,,,,
8,,,,,,,,,,,,,,,,151.40215,1.4685775,142.49962,,,,147.91023,2.563966,136.1697,148.58461,-0.2588647,140.13724,,,,,,,,,,142.41109,0.32635874,141.74992,147.04628,-0.9348936,142.23355,,,,149.71933,-0.83817035,142.83575,,,,,,,,,,144.53635,0.18664597,137.57419,139.3152,3.94484,133.33041,142.77295,1.3805798,135.68338,139.3152,3.94484,133.33041,140.88438,14.6031885,130.65808,144.99127,8.175603,143.52078,146.35622,13.134939,143.57996,146.009,15.151845,143.80779,,,,145.86067,13.715954,141.5416,144.43478,15.024397,140.26666,138.23459,16.437254,135.82747,138.52963,9.103784,135.81844,140.80049,9.725036,134.15535,138.297,14.510872,135.41367,142.1022,14.838306,137.32216,142.11757,16.993675,137.90453,142.50117,10.227259,137.9923,145.22173,5.632753,134.10242,,,
9,,,,,,,,,,,,,,,,151.56259,1.4244006,142.63963,,,,147.92572,2.5372946,136.19579,148.83194,-0.31280828,140.36038,,,,,,,,,,142.49362,0.4721563,141.76021,147.05846,-0.9697501,142.27635,,,,149.77782,-0.8484445,142.89001,,,,,,,,,,144.67589,0.14285463,137.69678,139.34157,3.9425514,133.35556,142.7283,1.3637595,135.9734,139.34157,3.9425514,133.35556,140.90848,14.259239,130.70656,145.01035,8.223485,143.50925,146.35043,13.134841,143.58669,146.00894,15.08766,143.80785,,,,146.32542,13.561736,141.99515,144.88126,14.827618,140.68803,138.59143,16.441671,135.40411,138.63527,9.063078,135.91307,140.866,9.680507,134.20789,138.36621,14.613688,135.41788,142.15599,14.810362,137.36281,142.24126,16.939438,138.01184,142.93512,10.170463,138.39633,145.29666,5.5922284,134.16019,145.29666,5.5922284,134.16019
10,,,,,,,,,,,,,,,,151.63931,1.4124744,142.71027,,,,148.05412,2.490045,136.33295,148.96967,-0.34027386,140.4855,,,,,,,,,,142.64024,0.47891846,141.90454,147.17427,-1.0476694,142.4152,,,,149.90045,-0.89122784,142.99654,,,,,,,,,,144.9974,0.102539465,137.99982,139.60715,3.828133,133.59276,142.75774,1.3233166,136.03651,139.60715,3.828133,133.59276,141.11241,14.208594,130.94875,145.15744,8.203668,143.65575,146.47855,13.10951,143.70825,145.85663,15.031858,143.92741,,,,146.47748,13.445928,142.13165,145.5644,14.757348,141.31024,138.65083,16.47117,135.4697,138.69878,9.01675,135.96632,141.14621,9.6274805,134.45584,138.38159,14.761518,135.42883,142.17737,14.850405,137.38602,142.24443,16.991892,138.01796,143.09883,10.036369,138.562,145.4087,5.5708785,134.28221,,,
11,,,,150.47527,2.478798,143.79143,,,,,,,,,,151.6534,1.5320303,142.75061,,,,148.09486,2.4278286,136.41832,149.03207,-0.35835126,140.5722,,,,,,,,,,142.78337,0.44720954,142.04115,147.23756,-1.082919,142.47446,,,,150.2037,-0.9460781,143.28093,,,,,,,,,,145.00014,0.048118718,138.00966,139.63472,3.7914915,133.62947,142.9978,1.28062,136.29663,139.63472,3.7914915,133.62947,141.34276,13.950095,131.17372,145.17464,8.153361,143.67441,145.95007,12.941631,144.31439,145.8215,14.758363,143.97958,,,,146.82909,13.017286,142.38995,145.6561,14.726671,141.35564,138.45085,16.460417,135.2735,138.88474,9.005429,136.1943,141.38184,9.837084,134.64522,138.53545,14.770462,135.35432,142.18079,14.879544,137.39143,142.463,16.992706,137.91328,143.16505,10.033061,138.62646,145.5572,5.562014,134.4711,,,
12,,,,150.46068,2.4354851,143.85292,,,,,,,,,,151.6244,1.5309451,142.7856,,,,148.12224,2.299289,136.48972,149.08482,-0.2560397,140.68228,,,,,,,,,,142.76881,0.44849277,142.05809,147.16296,-1.2920336,142.49112,,,,150.21219,-0.85925466,143.35979,,,,,,,,,,145.19357,0.039022643,138.26271,139.81284,3.364262,133.79036,143.33958,1.2557307,136.69107,139.81284,3.364262,133.79036,141.24771,13.878332,131.28123,145.19742,8.149761,143.75153,145.9258,12.759371,144.32318,145.9315,14.701125,144.09215,,,,147.28854,12.941246,142.8412,146.18398,14.64086,141.57407,138.34445,16.566442,135.26758,139.04991,8.993204,136.35583,141.56557,9.847671,134.63673,138.5567,14.769803,135.37526,142.16928,14.887689,137.4488,142.47794,16.939573,137.96873,143.56015,10.071434,139.08292,145.93694,5.667422,134.86064,,,
13,,,,150.55356,2.4188952,143.93909,,,,,,,,,,151.7663,1.5118458,142.91736,,,,148.13586,2.2582197,136.49948,149.34586,-0.2837561,140.92789,,,,,,,,,,142.787,0.43750414,142.07327,147.17357,-1.2962421,142.5003,,,,150.57614,-0.84625554,143.70544,,,,,,,,,,145.22598,0.002367573,138.29291,139.85123,3.3505414,133.82408,143.37202,1.227721,136.71986,139.85123,3.3505414,133.82408,141.22205,13.793471,131.50134,145.202,8.138873,143.75641,145.88002,12.51958,144.29007,145.92752,14.679145,144.08945,,,,147.73639,12.905573,143.33833,147.2225,14.632802,142.58586,138.4054,16.529755,135.32005,139.14607,8.979094,136.44466,141.57745,9.819772,134.62428,138.65807,14.7462435,135.4802,142.23518,14.907463,137.51198,142.55081,16.938684,138.00635,143.58298,10.070294,139.10515,146.12093,5.6357365,135.02553,,,
14,,,,150.58922,2.3798418,143.96692,,,,,,,,,,151.92055,1.4698371,143.11821,,,,148.31273,2.184721,136.79408,149.32388,-0.30183977,140.95355,,,,,,,,,,142.81511,0.5356504,142.08633,147.23692,-1.2989938,142.56288,,,,150.60736,-0.8462337,143.7423,,,,,,,,,,145.48302,-0.04177343,138.54858,139.97145,3.2313435,133.93192,143.384,1.1916554,136.73686,139.97145,3.2313435,133.93192,141.25125,13.901474,131.5562,145.19238,7.910366,143.72514,145.88002,12.51958,144.29007,145.92752,14.679145,144.08945,,,,148.22617,12.804893,143.83727,,,,138.52402,16.526861,135.43707,139.14806,8.782206,136.45114,141.46571,9.497712,134.4967,138.65942,14.674189,135.48543,142.22636,14.96583,137.52147,142.54788,16.959785,138.00844,143.5515,9.823915,139.08485,146.04688,5.396407,135.08234,146.04688,5.396407,135.08234
15,,,,150.62144,2.43808,144.03056,,,,,,,,,,151.95453,1.4242148,143.17038,,,,148.40926,2.1758552,136.89119,149.48123,-0.33662814,141.12462,,,,,,,,,,,,,147.67691,-1.149914,142.98483,,,,150.77019,-0.8635837,143.93384,,,,,,,,,,145.59323,-0.062385064,138.68523,140.02448,3.2232475,134.01196,143.51918,1.17825,136.89684,140.02448,3.2232475,134.01196,141.34315,14.065419,131.8407,145.22568,7.8980155,143.68677,145.86484,12.434271,144.27922,146.07014,14.992555,144.23817,,,,,,,,,,138.30713,16.522451,135.23557,139.31673,8.898411,136.6456,141.46992,9.475634,134.51251,138.6902,14.717951,135.53203,142.24927,14.970161,137.54478,142.53146,16.961489,138.02618,143.7041,9.907445,139.24693,146.04214,5.396032,135.0875,146.04214,5.396032,135.0875
16,,,,150.714,2.5240138,144.1173,,,,,,,,,,151.99905,1.3783596,143.24016,,,,148.40579,2.166636,136.93834,149.45079,-0.45444134,141.12036,,,,,,,,,,142.94931,0.5246013,142.16046,147.71974,-1.1030804,143.02931,,,,150.83508,-0.859392,144.00185,,,,,,,,,,145.82721,-0.083896674,138.91557,140.0969,3.1309845,134.08759,143.53375,1.1165178,136.91782,140.0969,3.1309845,134.08759,141.41902,14.037333,131.96696,145.34895,7.902422,143.54478,145.8936,12.682567,144.33415,146.26411,14.773018,144.38876,,,,,,,,,,138.3123,16.573683,135.24551,139.38051,8.8205385,136.7124,141.44333,9.387511,134.51353,138.72575,14.66198,135.57944,142.40976,14.94895,137.7028,142.45816,16.967234,137.95723,143.70222,9.815908,139.2556,146.14534,5.312308,135.23412,146.14534,5.312308,135.23412
17,,,,150.79482,2.54841,144.19342,,,,,,,,,,152.17276,1.4103585,143.49992,,,,148.61142,2.074447,137.19937,149.42116,-0.43168098,141.18573,,,,,,,,,,143.21558,0.5026924,142.4053,147.78036,-1.0225707,143.13844,,,,150.82225,-0.8780315,144.00073,,,,,,,,,,146.05368,-0.13295086,139.2176,140.2258,2.8892255,134.22412,143.56679,1.0963198,137.02454,140.2258,2.8892255,134.22412,141.7316,14.056284,132.40715,145.33731,7.833908,143.53539,145.90549,12.675269,144.32504,146.28305,14.772975,144.38002,,,,,,,,,,138.27783,16.61612,135.26558,139.48924,8.802821,136.85428,141.3521,9.169005,134.54283,138.8139,14.407303,135.72452,142.47527,14.852237,137.60147,142.4104,16.978622,137.98128,143.73181,9.790711,139.34554,146.0995,5.228729,135.27742,,,
18,,,,,,,,,,,,,,,,152.24782,1.429039,143.6115,,,,148.64342,2.0079784,137.20213,149.44986,-0.35051244,141.25249,,,,,,,,,,,,,147.94067,-0.9962504,143.34749,,,,150.79277,-0.8435034,143.98456,,,,,,,,,,146.2928,-0.13005863,139.48982,140.23738,2.8431947,134.26927,143.70023,0.9691593,137.16658,140.23738,2.8431947,134.26927,141.53017,14.130058,132.60265,145.53464,7.83742,143.73471,146.43898,12.684716,143.77264,146.58397,14.996173,144.10233,,,,,,,,,,138.25912,16.615927,135.2848,139.49763,8.65564,136.90668,141.33192,9.024109,134.58643,138.79976,14.396959,135.74747,142.30487,14.838532,137.39883,142.3917,16.966822,137.9979,143.85957,9.770158,139.50403,146.09282,5.249616,135.29147,,,
19,,,,,,,,,,,,,,,,152.35078,1.4566764,143.7415,,,,148.85315,1.9905335,137.40617,149.44075,-0.3150386,141.27757,,,,,,,,,,,,,147.94902,-1.0102445,143.40808,,,,151.08856,-0.8321292,143.67775,,,,,,,,,,146.2866,-0.008133544,139.52492,140.4637,2.8205817,134.51643,143.7341,0.95916283,137.22987,140.4637,2.8205817,134.51643,141.29863,14.222874,132.8434,145.52612,7.890497,143.80989,146.91077,12.782437,143.24857,146.57956,15.01804,144.0989,,,,150.06126,13.066222,143.19154,150.19185,15.463522,142.53342,138.2308,16.582483,135.30396,139.54991,8.650665,137.01044,140.99886,9.0715275,134.94919,138.79402,14.207828,135.74983,142.31453,14.774073,137.41066,142.38101,17.070023,138.04071,143.88649,9.574328,139.52045,,,,,,
20,,,,,,,,,,,,,,,,152.60608,1.4326079,144.02774,,,,148.87794,1.9616282,137.47438,149.4371,-0.33594805,141.27472,,,,,,,,,,,,,147.94601,-1.027747,143.40565,,,,151.10416,-0.7432512,143.69003,,,,,,,,,,146.28206,-0.0077820257,139.55853,140.53154,2.788428,134.61855,144.17058,0.921711,137.64783,140.53154,2.788428,134.61855,141.2252,14.216459,133.1035,145.52612,7.890497,143.80989,146.95863,12.865668,143.29196,146.13072,15.253617,143.66872,,,,150.3467,12.745389,143.4736,109.822945,16.645918,103.764656,138.31726,16.484865,135.3681,139.69933,8.641884,137.18602,141.076,9.046907,135.02359,138.88629,14.142685,135.87419,142.31287,14.61816,137.41245,142.44037,17.032393,138.09998,143.91501,9.57159,139.58223,,,,,,
21,,,,,,,,,,,,,,,,152.59529,1.4353007,144.05014,,,,148.88066,1.9616255,137.49823,149.9181,-0.3798544,141.7739,,,,,,,,,,,,,147.94576,-1.0261086,143.40594,,,,151.60294,-0.7634137,144.16547,,,,,,,,,,146.71251,-0.024737984,140.00531,140.52089,2.7949023,134.64381,144.25424,0.9235241,137.72905,140.52089,2.7949023,134.64381,141.23677,14.352193,133.18173,145.53558,7.889307,143.82333,146.92358,12.887686,143.26218,146.11763,15.285462,143.66022,148.1232,8.577188,141.94104,150.61177,12.735817,143.7274,111.391815,16.520826,105.61385,138.31781,16.480019,135.36757,140.07855,8.580276,137.554,141.58368,9.062286,135.04376,139.08327,14.001498,136.07455,142.29279,14.465504,137.39336,142.46056,17.032013,138.11964,143.9389,9.713531,139.63664,,,,,,
22,,,,,,,,,,,,,,,,152.54544,1.4369736,144.11133,,,,149.14272,1.9414908,137.78488,149.93544,-0.3898787,141.74892,,,,,,,,,,,,,148.04036,-1.0386851,143.28824,,,,151.55434,-0.75105226,144.22932,,,,,,,,,,146.49406,0.0037030198,139.90417,140.48369,2.7991564,134.71342,144.2939,0.9318874,137.7328,140.48369,2.7991564,134.71342,140.81522,14.341827,133.62897,145.53558,7.889307,143.82333,146.86935,12.906464,143.32533,145.95755,15.3462,143.47482,148.15555,8.560803,141.97232,150.5976,12.693953,143.82004,138.1975,14.758639,131.74841,138.4073,16.480022,135.32784,140.02992,8.577879,137.6161,141.76814,8.92768,135.33452,139.0555,13.919995,136.08897,142.31305,14.443853,137.37155,142.67026,16.932915,137.89125,143.88737,9.883097,139.74007,,,,,,
23,,,,,,,,,,,,,,,,152.56589,1.4701524,144.20497,,,,149.36894,1.8915884,138.04874,149.89233,-0.3984472,141.5725,,,,,,,,,,,,,148.0585,-1.0563384,143.27933,,,,151.52458,-0.72491604,144.27538,,,,,,,,,,146.54478,-0.003143743,139.9886,140.45868,2.7968218,134.75922,144.3062,0.9395045,137.74431,140.45868,2.7968218,134.75922,139.49844,12.264926,134.99144,145.34746,7.823789,143.71086,146.90242,12.90521,143.35777,146.3498,15.421006,143.01027,148.22401,8.198073,141.97049,150.5696,12.536353,143.98528,140.05182,14.540565,133.81749,138.43835,16.448225,135.29234,140.03171,8.561904,137.6142,141.80508,8.792577,135.33714,139.04376,13.938903,136.16344,142.40828,14.185561,137.26907,142.67937,16.753548,137.87201,143.89685,9.913061,139.75482,,,,,,
24,,,,,,,,,,,,,,,,152.58371,1.4619508,144.37584,,,,149.33815,1.8460928,138.12115,150.01878,-0.5564517,141.69626,,,,,,,,,,,,,148.13255,-1.2191962,143.35516,,,,151.52107,-0.7317393,144.38258,,,,,,,,,,146.52995,0.012467061,140.01086,140.50706,3.5259721,135.02592,144.50099,1.0619652,137.92645,140.50706,3.5259721,135.02592,139.4627,12.2494955,135.02841,145.31204,6.473676,143.74863,146.91933,13.046472,143.38483,146.35124,15.665056,143.01991,,,,150.27586,12.179182,144.35478,143.077,14.413966,136.94933,138.51279,16.44639,135.36574,140.0447,8.360383,137.60098,141.82059,8.791789,135.35197,139.12837,13.935472,136.27197,142.42723,14.134128,137.25223,142.69048,16.775703,137.88007,144.06378,10.095471,139.98329,,,,,,
25,,,,,,,,,,,,,,,,152.61172,1.4554832,144.47475,,,,149.36319,1.8684647,138.15213,150.06145,-0.5632265,141.78151,,,,,,,,,,,,,148.12653,-1.180538,143.36221,,,,151.44029,-0.74117905,144.56581,,,,,,,,,,146.53079,0.02372405,140.01361,140.48233,3.519913,135.2447,144.38263,0.9696352,138.06429,140.48233,3.519913,135.2447,139.42357,12.438234,135.01855,145.2022,6.156404,143.77464,147.04002,13.16073,143.28171,146.35414,15.728061,143.02766,,,,150.12086,11.964222,144.9628,143.29662,14.410899,138.52531,138.61366,16.48653,135.48434,140.04759,8.301447,137.65797,141.78932,8.773886,135.38501,139.17966,14.0477295,136.3325,142.55263,14.073713,137.11725,142.64291,16.810707,137.83244,144.09386,10.3417635,140.1134,,,,,,
26,,,,,,,,,,,,,,,,116.50752,-5.7011046,110.3123,,,,149.3751,1.8873603,138.13618,150.07777,-0.54275256,141.80432,,,,,,,,,,,,,148.2296,-1.2057124,143.49641,,,,151.41687,-0.7109968,144.5944,,,,,,,,,,146.46785,0.042006213,140.04742,140.50186,3.5183825,135.30005,144.44351,0.9507208,138.15767,140.50186,3.5183825,135.30005,139.42474,12.428921,135.01735,145.239,6.365836,143.80206,147.04233,13.173876,143.2834,146.29623,15.735653,142.99162,149.6048,6.029015,141.03008,150.14851,11.759429,144.98448,143.14198,14.0894375,138.56323,138.81187,16.642958,135.72466,140.09029,8.284191,137.61061,141.8105,8.812669,135.39056,139.17523,14.171692,136.37486,142.61824,14.127236,137.07175,142.42943,16.779121,137.62596,144.1272,10.274954,140.1784,,,,,,
27,,,,,,,,,,,,,,,,126.893135,-3.7549675,120.31709,,,,149.35114,1.890077,138.26498,150.3858,-0.554915,142.14468,,,,,,,,,,,,,148.29453,-1.2103866,143.61272,,,,151.50044,-0.74212617,144.68678,,,,,,,,,,146.49254,0.012686947,140.06023,140.69824,3.23156,135.42654,144.41869,0.9313524,138.27086,140.63,3.4851263,135.49803,139.46214,12.326656,134.98235,145.37146,6.165397,143.81744,146.96321,13.128534,143.19194,146.36632,15.890371,143.02585,149.82193,6.0164204,141.18327,150.28783,11.783238,145.12946,142.9681,13.99828,138.60124,138.90851,16.658417,135.9756,140.07214,8.1240835,137.58894,141.80246,8.715118,135.37767,139.29453,14.386219,136.42938,142.94093,14.091713,137.15417,142.31734,16.811502,137.75752,144.29018,10.367931,140.26595,,,,,,
28,,,,,,,,,,,,,,,,128.1331,-3.5261765,121.54596,,,,149.49979,1.9017714,138.46536,150.42615,-0.56053054,142.21329,,,,,,,,,,144.42317,0.071325086,143.96309,148.256,-1.2667733,143.65044,,,,151.73845,-0.74789387,144.9378,,,,,,,,,,146.51674,0.0019358653,140.145,140.70747,3.2269309,135.5021,144.34486,1.0573932,138.43652,140.64738,3.4328954,135.56508,139.50206,12.470753,134.98578,145.53397,6.1011395,143.86638,146.96321,13.128534,143.19194,146.36732,15.896029,143.02655,,,,84.976875,11.574686,81.65791,142.96544,14.010215,138.61142,139.08763,16.654364,136.15234,140.33446,8.096654,138.14043,142.0089,8.677263,135.1596,,,,142.96358,14.092032,137.12973,142.596,16.735912,137.4609,144.30716,10.329986,140.34201,,,,,,
29,,,,,,,,,,,,,,,,139.1485,-1.5372119,132.0566,,,,149.69136,1.9491991,138.55478,150.41249,-0.5611999,142.22955,,,,,,,,,,,,,148.27678,-1.2809596,143.85117,,,,151.858,-0.7512909,145.1128,,,,,,,,,,146.44003,-0.006915774,140.31586,140.83722,3.2250133,135.69049,144.50055,0.76238316,138.54877,140.52411,3.3906288,136.0195,139.50206,12.470753,134.98578,145.64557,6.11458,143.97636,146.97055,13.08916,143.18687,146.24,15.774572,142.85439,,,,88.278145,11.547045,84.90237,143.29294,14.004556,138.93695,139.2149,16.564003,136.25932,140.61476,8.073047,138.41708,142.1751,8.645794,135.31258,,,,142.93874,14.151682,137.10706,142.62473,16.694462,137.42987,144.35559,10.305757,140.45053,,,,,,
30,,,,,,,,,,,,,,,,141.51979,-1.0288161,134.30453,,,,149.78738,1.9277208,138.88109,150.51605,-0.556433,142.29816,,,,,,,,,,,,,148.34863,-1.2887783,143.93713,,,,151.97972,-0.7706981,145.22658,,,,,,,,,,146.43678,-0.0070632906,140.31956,140.67485,3.3630362,136.09608,144.56638,0.8706727,138.66344,140.63773,3.3802998,136.13515,139.53073,12.468254,135.17422,146.06552,7.621027,143.58234,147.03912,13.0798855,143.10356,146.21674,15.644903,142.83836,,,,119.216385,11.698487,115.106026,144.36377,13.963749,139.98033,139.43736,16.450304,136.58952,140.62778,7.9144964,138.40875,142.23076,8.586293,135.33047,,,,142.94902,14.142972,137.09317,142.66476,16.848507,137.43819,144.31396,10.216627,140.5232,,,,,,
31,,,,,,,,,,,,,,,,141.89508,-1.0761554,134.65395,,,,149.82262,1.9900669,138.97252,150.75468,-0.6593292,142.52643,,,,,,,,,,,,,148.4126,-1.2958585,144.01544,,,,152.07492,-0.8174261,145.64383,,,,,,,,,,146.5599,-0.04472949,140.7362,140.8574,3.3282387,136.3077,144.7154,0.8102529,139.03685,140.8373,3.346316,136.32893,139.4108,12.580115,135.14526,145.73071,5.9922743,144.01625,147.07367,12.921661,143.0973,146.33516,15.602584,142.9382,,,,126.166595,11.6552925,121.845375,144.37396,13.918449,139.97247,139.56294,16.34682,136.69965,140.80801,7.9915533,138.60634,142.40239,8.541163,135.48521,,,,142.99512,14.134096,137.13812,142.86386,16.779366,137.59787,144.57454,10.177031,140.76733,,,,,,
32,,,,,,,,,,,,,,,,142.99368,-0.9698648,135.6929,,,,149.86852,1.8665222,138.97543,150.82431,-0.6723662,142.59181,,,,,,,,,,,,,148.38449,-1.3023622,144.17867,,,,152.14162,-0.5506977,145.80087,,,,,,,,,,146.53813,-0.061405905,140.78444,141.14468,3.30725,136.5861,145.00462,0.78497934,139.31566,141.14468,3.30725,136.5861,139.49696,12.634888,135.23103,145.8193,5.9553585,144.10555,147.18694,12.898077,143.16974,146.24773,15.433111,143.0393,150.55971,5.888141,141.91245,130.64815,11.610377,126.184,144.43,14.002506,139.98842,139.67856,16.361597,136.81218,140.94653,8.334239,138.70178,142.48459,8.528937,135.56384,,,,143.01917,14.133308,137.16133,142.9317,16.708582,137.65596,144.59428,10.162537,140.78719,,,,,,
33,,,,,,,,,,,,,,,,144.53984,-0.72504795,137.15465,,,,150.06085,1.9002852,138.95726,150.86855,-0.70809966,142.66435,,,,,,,,,,,,,148.45921,-1.2209557,144.27054,,,,152.07327,-0.8695761,145.94534,,,,,,,,,,146.51347,-0.10492705,141.01237,141.19771,3.2138762,136.5904,145.11313,0.60733616,139.38719,141.19771,3.2138762,136.5904,139.11235,14.007021,136.00433,145.78923,7.010625,144.15071,147.20738,12.865217,143.14589,146.2485,15.307757,143.0384,,,,136.53566,11.618802,131.87917,145.04176,13.982109,140.56364,140.12527,16.255186,137.53123,141.0297,8.259156,138.75618,142.5107,8.527313,135.59483,,,,143.0321,14.020124,137.14738,142.95041,16.526928,137.6357,145.18816,10.170386,140.32704,,,,,,
34,,,,,,,,,,,,,,,,144.50554,-0.77004457,137.12267,,,,150.14911,1.9169421,139.03854,150.6915,-0.7362838,143.16992,,,,,,,,,,,,,149.06664,-1.0142975,144.85521,,,,152.078,-0.8737102,145.95465,,,,,,,,,,146.9955,-0.15062478,141.5124,141.24338,3.1745863,136.62135,145.15323,0.6459168,139.42432,141.24338,3.1745863,136.62135,138.98073,14.069578,136.14119,145.85379,7.0067244,144.21474,147.20738,12.865217,143.14589,146.30513,15.30129,143.09312,,,,136.80771,11.605759,132.1449,145.0714,14.000639,140.57349,140.58319,16.165136,137.9859,141.57181,8.301521,139.23666,142.55797,8.577316,135.64563,141.27287,14.130043,138.55746,143.08392,13.950643,137.18132,142.97655,16.413023,137.66458,145.29121,10.2119465,140.41869,,,,,,
35,,,,,,,,,,,,,,,,146.07251,-0.5224004,138.62245,,,,150.38748,1.8978341,139.25992,151.08578,-0.7818735,143.59663,,,,,,,,,,,,,149.12401,-1.0245253,144.90941,,,,152.26387,-0.9040746,146.12895,,,,,,,,,,147.09547,-0.1672117,141.60638,141.30891,3.120976,136.66893,145.1972,0.6607249,139.50473,141.30891,3.120976,136.66893,138.97307,14.06948,136.14917,145.708,6.852205,144.38567,147.27858,12.862569,143.20984,146.33331,15.264447,143.11238,,,,137.64542,11.45031,132.95076,145.35634,13.971884,140.83693,141.20442,15.943332,138.60844,141.62935,8.298517,139.29335,142.60542,8.6095,135.72922,,,,143.10495,14.036769,137.23608,142.98773,16.172415,137.6418,145.452,10.166547,140.57619,,,,,,
36,,,,,,,,,,,,,,,,147.42236,-0.37662154,139.88094,,,,150.5459,1.8618563,139.40785,151.25339,-0.86589366,143.7363,,,,,,,,,,,,,149.13818,-1.0846989,144.89238,,,,152.5054,-0.9964864,146.34079,,,,,,,,,,147.1183,-0.23725532,141.60762,141.30891,3.120976,136.66893,144.9683,0.63953364,139.87555,141.30891,3.120976,136.66893,138.98468,14.069067,136.16061,145.95074,6.8055906,144.55563,147.25418,13.129614,143.24873,146.38722,15.207691,143.15808,,,,139.79498,11.41668,134.99028,145.37582,13.972467,140.81499,141.3003,15.941201,138.68747,141.72572,8.29403,139.37627,142.69328,8.604918,135.81311,,,,143.20601,14.19728,137.30621,142.81847,16.121168,137.46552,145.47095,10.086063,140.59747,,,,,,
37,,,,,,,,,,,,,,,,148.20958,-0.29967338,140.6149,,,,150.60454,1.7745835,139.4646,151.363,-0.8947835,143.8295,,,,,,,,,,,,,149.1253,-1.2196875,144.87198,,,,73.66017,-25.984901,62.630142,,,,,,,,,,147.11076,-0.2580349,141.58914,141.26999,3.0623956,136.88725,144.97649,0.58877736,139.8664,141.40112,3.0685651,136.74776,139.03793,14.081524,136.21684,146.15521,6.749372,144.7473,147.28325,13.002877,143.28363,146.48087,15.075981,143.25058,,,,140.1501,11.391065,134.71637,145.52461,13.922449,140.64685,142.1666,15.89125,139.48343,141.78333,8.272945,139.42888,142.74217,8.587078,135.87271,,,,143.21265,14.140839,137.29901,142.82428,16.0675,137.45924,145.32484,9.701281,140.99808,,,,,,
38,,,,,,,,,,,,,,,,148.55173,-0.25999013,140.87637,,,,150.69086,1.681142,139.50847,151.38585,-0.89968514,143.86111,,,,,,,,,,,,,149.48314,-1.3227712,145.22168,,,,104.58469,-15.236227,98.70491,,,,,,,,,,147.16977,-0.26119205,141.57214,141.28928,2.9528737,136.90483,145.08478,0.6013069,139.97711,141.30734,2.9537373,136.88562,139.1375,13.949315,136.25453,146.22118,6.7308903,144.80902,147.309,12.994597,143.58517,146.55054,15.075922,143.20802,,,,140.22816,11.370999,134.71751,144.68279,14.051793,139.74683,142.30557,15.98883,139.61578,141.93251,8.145792,139.53955,142.56232,8.616817,136.23706,142.4548,13.891053,139.91754,143.36598,14.062151,137.42911,142.84245,16.170053,137.4716,145.4753,9.6606,141.14082,,,,,,
39,,,,,,,,,,,,,,,,148.92482,-0.36402324,141.2324,,,,150.8754,1.6362748,139.67026,151.3325,-0.7874355,144.0491,,,,,,,,,,,,,149.88293,-1.3908523,145.60074,,,,106.93439,-14.817685,101.10941,,,,,,,,,,147.2065,-0.29390794,141.59753,141.31476,2.9226818,136.92163,145.14203,0.4811852,139.99475,141.33282,2.923543,136.9024,139.46733,13.9493475,136.58313,146.38309,7.0799756,144.94998,147.35965,12.683074,143.56097,146.55443,15.0509405,143.2048,,,,140.29129,11.378602,134.77118,,,,142.71964,15.978285,140.0248,142.31793,8.480798,139.90428,142.63292,8.639059,136.29578,143.0112,13.844112,140.461,143.34047,13.905219,137.41641,142.84576,16.174047,137.47734,145.65848,9.63516,141.38339,,,,,,
40,,,,,,,,,,,,,,,,149.13719,-0.38217744,141.4035,,,,151.00226,1.6490699,139.7874,151.62091,-0.7576075,144.32274,,,,,,,,,,,,,149.66081,-1.4078951,145.95064,,,,112.74694,-13.470644,107.06654,,,,,,,,,,147.39447,-0.31903765,141.74203,141.58397,2.8550763,137.14676,145.13902,0.3082788,139.9872,141.58397,2.8550763,137.14676,139.4917,13.949413,136.56902,,,,147.30959,12.543752,143.75476,146.60475,15.04998,143.22102,150.09302,6.91642,143.90564,140.14348,11.377519,134.62889,,,,143.18187,16.018084,140.43985,142.18398,8.340861,140.27574,142.75984,8.644305,136.41714,143.16942,13.688646,140.6176,143.25089,13.883079,137.57024,142.86438,16.173279,137.72426,145.56375,9.632588,141.49388,,,,,,
41,,,,,,,,,,,,,,,,149.569,-0.23793605,141.8401,,,,151.01782,1.6478161,139.80183,151.62135,-0.7576483,144.32317,,,,,,,,,,,,,149.6667,-1.5688968,145.9375,,,,121.97078,-10.665703,116.85115,,,,,,,,,,147.48947,-0.32973227,141.83371,141.61574,2.843174,137.1749,145.14359,0.30786815,139.99164,141.61574,2.843174,137.1749,139.73378,13.95256,136.80582,146.69725,7.0613427,145.21075,147.626,12.380517,144.06183,146.59218,14.922853,143.2088,150.27936,6.8908086,144.08096,,,,,,,143.60585,15.980883,140.85294,142.48682,8.311973,140.59967,143.04105,8.600633,136.68292,143.31892,13.571296,140.74004,143.20274,13.74736,137.52393,142.78542,16.17326,137.9461,145.92143,9.589092,141.84076,,,,,,
42,,,,,,,,,,,,,,,,149.80167,-0.24983022,142.06099,,,,151.0075,1.624351,139.81454,152.06299,-0.8087557,144.70232,,,,,,,,,,,,,150.08876,-1.6092129,146.35005,,,,138.71797,-5.611216,133.44293,,,,,,,,,,147.50046,-0.34209144,141.84468,141.62932,2.8328502,137.18547,145.1771,0.3827471,140.19026,141.62932,2.8328502,137.18547,139.79355,14.018735,136.86075,,,,147.89142,12.357019,144.31937,146.89662,14.761582,143.51654,,,,,,,,,,144.1946,15.890252,141.38654,142.51027,8.336216,140.62064,143.15344,8.844329,136.7427,143.90805,13.455213,141.28734,143.08725,13.489417,137.64923,142.93979,16.179892,138.13373,145.91785,9.557229,141.83675,,,,,,
43,,,,,,,,,,,,,,,,150.36491,-0.17275345,142.70433,,,,151.0586,1.6250156,140.06999,152.15913,-0.8305642,144.58435,,,,,,,,,,,,,150.1307,-1.61322,146.39107,,,,143.99065,-4.1157646,138.60327,,,,,,,,,,147.63342,-0.352365,142.09357,141.63974,2.7567475,137.17433,145.09488,0.42081937,140.28262,141.63974,2.7567475,137.17433,139.90656,14.018847,136.97205,146.78133,6.8431926,145.30621,147.88573,12.281843,144.31743,146.95554,14.759222,143.5744,,,,,,,,,,144.41309,15.889758,141.50655,142.71616,8.320121,140.81538,143.22289,8.840589,136.80934,144.08061,13.448989,141.45778,143.04102,13.4888315,137.69939,142.91022,16.190954,138.1719,146.09216,9.554308,141.84239,,,,,,
44,,,,,,,,,,,,,,,,150.10037,-0.23827857,143.29204,,,,151.1145,1.5989963,140.1701,152.07619,-1.1174623,144.48857,,,,,,,,,,,,,150.12698,-1.7209524,146.36072,,,,145.71606,-3.6620986,140.27657,,,,,,,,,,147.71605,-0.32966855,142.2128,141.85884,2.8559394,137.33725,145.27678,0.46907234,140.46448,141.85884,2.8559394,137.33725,140.10185,13.900775,137.1063,146.9324,6.8200827,145.48627,148.25508,12.201272,144.84032,147.16013,14.498016,143.72067,,,,,,,,,,145.11772,15.8470745,142.19635,142.87778,8.304024,141.00371,143.32964,8.784758,136.92583,144.56636,13.610652,141.89748,142.96962,13.493076,137.68814,142.71353,16.17583,138.03564,146.27641,9.501833,142.01164,,,,,,
45,,,,,,,,,,,,,,,,150.07901,-0.2339531,143.45058,,,,151.1159,1.5343262,140.18536,152.077,-1.1227409,144.48756,,,,149.68669,-0.37525398,145.00223,,,,,,,150.34439,-1.7082913,146.25262,,,,146.22446,-3.4939501,140.76715,,,,,,,,,,147.84076,-0.31844622,142.37572,141.9521,2.8462598,137.40894,145.28587,0.46851933,140.46935,141.9521,2.8462598,137.40894,140.49197,13.777362,137.02116,,,,148.3219,12.180351,144.96352,147.1479,14.510876,143.96474,,,,,,,,,,145.20445,15.645931,142.2908,143.00278,8.232055,141.12306,143.31433,8.407716,136.99564,144.9538,13.578767,142.27257,142.97318,13.515588,137.69504,142.71344,16.106314,138.03575,146.2885,9.501207,142.02342,,,,,,
46,,,,,,,,,,,,,,,,150.2783,-0.21441056,143.64064,,,,151.23122,1.5162001,140.33168,152.1295,-1.148981,144.60298,,,,149.80965,-0.37751535,145.20885,,,,,,,150.473,-1.5960082,146.3763,,,,146.7096,-3.3797572,141.30872,,,,,,,,,,147.67375,-0.29243246,142.29427,142.02429,2.840794,137.47894,145.38776,0.3775722,140.56332,142.02429,2.840794,137.47894,140.82562,13.697473,137.09631,147.09071,6.789788,145.80753,148.41899,12.162491,145.14093,146.8693,14.21899,144.52829,,,,,,,145.6598,13.587033,140.84903,145.3268,15.62345,142.49539,143.16826,8.223619,141.27303,143.20168,8.41524,136.94734,145.12828,13.415144,142.41881,143.07785,13.711634,137.80954,142.69106,16.074265,138.06601,146.1659,9.480955,142.37894,,,,,,
47,,,,149.73799,1.1832314,144.85982,,,,,,,,,,150.77998,-0.035111148,144.19064,,,,151.4453,1.4872297,140.61758,152.28592,-1.1669682,144.80579,,,,150.30687,-0.4689117,145.72128,,,,,,,150.69345,-1.6397997,146.59186,,,,146.76703,-3.3646212,141.39882,,,,,,,,,,147.78688,-0.3049569,142.43855,142.04427,2.8680851,137.50064,145.41939,0.25463772,140.55325,142.04427,2.8680851,137.50064,141.24013,13.430832,137.10039,147.33902,6.7384934,146.06065,148.65567,12.111793,145.40372,146.92622,13.968904,144.93394,,,,,,,,,,145.5603,15.592338,142.74805,143.20125,8.169561,141.22023,143.22748,8.440775,137.06071,145.37651,13.431775,142.6627,143.1393,13.708992,137.91614,142.4838,16.102459,137.9058,146.31769,9.590451,142.55386,,,,,,
48,,,,150.1243,1.1979587,145.23003,,,,,,,,,,151.05432,-0.016919404,144.1943,,,,151.56017,1.4270228,140.7242,152.46245,-1.1488405,144.96582,,,,150.50732,-0.6408385,145.83163,,,,,,,150.7473,-1.5917289,146.64053,,,,146.7914,-3.4467278,141.42198,,,,,,,,,,147.85368,-0.37968868,142.49939,142.04301,2.877292,137.50201,145.5512,0.24283259,140.68106,142.04301,2.877292,137.50201,141.36821,13.112366,137.14224,147.44705,6.7062464,146.16953,149.06508,12.06655,145.80154,147.59012,13.922103,145.58762,,,,,,,,,,145.69667,15.444956,142.85243,143.3177,8.146458,141.08153,143.22314,8.415091,137.05733,145.50233,13.393909,142.77911,143.0702,13.747834,137.84679,142.66951,16.17953,138.07637,146.4465,9.610367,142.67526,,,,,,
49,,,,150.43616,1.2636335,145.51646,,,,,,,,,,151.19421,-0.018688643,144.33997,,,,151.57541,1.3546164,140.73523,152.55316,-1.1572201,145.05229,,,,150.54456,-0.69985855,145.83586,,,,,,,150.93578,-1.5118229,146.80295,,,,147.24547,-3.4744248,141.85478,151.32953,-0.5128989,146.19666,,,,,,,147.9242,-0.4690963,142.56387,142.19096,2.8199065,137.61269,145.55692,0.22729675,140.67459,142.19096,2.8199065,137.61269,141.52104,13.080133,137.28558,147.3978,6.246717,146.14096,148.77464,11.678782,146.57489,147.79657,13.864815,145.79337,,,,,,,144.73154,13.523358,140.95624,145.83424,15.468084,142.98694,143.12086,8.136423,140.88466,143.44176,8.463458,137.28651,145.50162,13.401187,142.79588,143.06845,13.765603,137.83737,142.62238,16.135355,138.01979,146.45946,9.626909,142.68044,,,,,,
50,,,,150.86896,1.0506608,145.8574,,,,,,,,,,151.69365,-0.044705387,144.817,,,,151.604,1.2680796,140.76227,152.80232,-1.1850961,145.287,,,,150.63861,-0.78478104,145.92915,,,,,,,151.29387,-1.5326561,147.15671,,,,147.24797,-3.6244714,141.85869,151.39642,-0.45505202,146.24907,,,,,,,147.91989,-0.6306878,142.53838,142.42624,2.814393,137.85922,145.67032,0.23054565,140.78409,142.42624,2.814393,137.85922,141.56784,12.88068,137.34293,147.70456,6.1833963,146.4384,136.90828,11.2252655,134.86151,148.4147,13.83592,146.39803,,,,,,,142.91235,13.483905,139.17818,145.9425,15.503182,143.10178,143.11868,8.123354,140.88284,143.56119,8.414087,137.40239,145.50093,13.39742,142.79538,143.06831,13.764862,137.8373,142.61725,16.180918,138.02536,146.50172,9.590398,142.71796,,,,,,
51,,,,151.03773,1.0890582,145.97482,,,,,,,,,,151.81279,-0.11999253,144.93262,,,,151.7046,1.2559401,140.86896,152.8948,-1.2640117,145.37291,,,,150.64732,-0.7942229,145.9034,,,,,,,151.36583,-1.6515768,147.19038,,,,147.5271,-3.579524,142.12791,151.77945,-0.43538874,146.61847,154.03935,1.6375756,148.20158,,,,148.02158,-0.6630835,142.59564,142.46129,2.816081,137.82132,145.70573,0.22955981,140.78392,142.46129,2.816081,137.82132,141.6593,12.737638,137.44127,,,,139.43524,11.156515,137.36339,148.47282,13.504454,146.44008,,,,,,,150.02582,13.577031,146.13216,145.97179,15.470966,143.1111,143.12341,8.082922,140.87761,143.56963,8.414358,137.39323,145.49533,13.494555,142.79016,143.04994,13.739404,137.821,142.62877,16.184908,138.0117,146.63544,9.522452,142.80426,,,,,,
52,,,,151.2319,1.096325,146.08379,,,,,,,,,,152.08836,-0.07749494,145.12375,,,,151.85158,1.1603563,141.00687,152.7066,-1.288439,145.82944,,,,150.94073,-0.7301164,146.12057,,,,,,,151.51819,-1.6810949,147.23575,,,,148.6126,-3.2727792,143.42737,152.05205,-0.37906748,146.81703,,,,,,,148.54733,-0.69598365,143.02818,142.47194,2.734193,137.8306,145.75545,0.2732982,140.76944,142.47194,2.734193,137.8306,141.9084,12.41787,137.70705,148.29994,5.491922,146.99963,144.01817,11.155384,140.7643,148.98015,13.398195,146.8607,,,,,,,,,,146.02203,15.52316,143.0575,143.2838,8.062668,141.19937,143.72958,8.234569,137.48027,145.48628,13.402774,142.7007,143.04994,13.739404,137.821,142.68172,16.133234,138.01581,146.75818,9.539276,142.84196,,,,,,
53,,,,151.59708,1.165816,146.43379,,,,,,,,,,152.20045,-0.10995599,145.21808,,,,151.89757,1.1556212,141.0776,152.79234,-1.2922134,145.92896,,,,151.0517,-0.72255874,146.22781,,,,,,,151.60855,-1.7135667,147.32565,,,,148.88957,-3.2357383,143.69821,152.36635,-0.3664589,147.12009,,,,,,,148.76453,-0.7706608,143.22305,142.47249,2.7342181,137.83002,145.96214,0.2507925,140.96304,142.47249,2.7342181,137.83002,140.92482,12.797111,139.1781,148.36122,5.4425225,147.06284,144.33365,11.514786,141.17798,126.609985,13.801943,124.64847,,,,,,,150.77405,13.9648695,145.07823,146.01942,15.549733,143.06049,143.59224,8.134303,141.50189,143.77278,8.170132,137.4929,145.4665,13.387786,142.6869,142.90678,13.737998,137.97649,142.68086,16.140865,138.01675,146.75885,9.543198,142.84245,,,,,,
54,,,,151.78032,1.2025573,146.61325,,,,,,,,,,152.37744,-0.10469861,145.38524,,,,152.04955,1.1367563,141.20082,152.93942,-1.3216176,146.0605,,,,151.22786,-0.72870296,146.38734,,,,,,,151.75003,-1.7270716,147.46344,,,,148.86992,-3.2522144,143.67923,152.50885,-0.35959178,147.251,,,,,,,148.97145,-0.75597996,143.43492,142.78654,2.8389,138.13353,146.21863,0.21643612,141.21404,142.78654,2.8389,138.13353,,,,148.50372,5.4040947,147.18484,146.10364,11.487762,142.90294,141.00552,13.046294,138.92632,,,,145.9714,11.70912,140.81516,150.8389,14.012664,145.1415,145.99376,15.542857,143.0336,143.59224,8.134303,141.50189,143.76555,8.127564,137.4873,145.4665,13.387786,142.6869,142.80176,13.793729,138.57602,142.68243,16.194857,138.02321,146.75626,9.501551,142.83487,,,,,,
55,,,,151.74783,1.2213199,146.7287,,,,,,,,,,152.53712,-0.12306701,145.47073,,,,152.0627,1.2641256,141.23222,152.9474,-1.2756511,146.08249,,,,151.65521,-0.6814897,146.80753,,,,,,,151.70761,-1.7045305,147.55075,,,,148.86533,-3.2960172,143.67123,152.5253,-0.36287546,147.27493,,,,,,,148.96677,-0.7829954,143.43117,142.8193,2.8086827,138.14821,146.22173,0.1805518,141.2182,142.8193,2.8086827,138.14821,,,,148.68883,5.436761,147.38863,,,,143.44753,12.899635,141.3474,,,,146.01599,11.787282,140.85585,138.12924,14.540474,132.30905,145.93921,15.608318,143.11334,143.63406,8.155192,141.40625,143.71017,8.144171,137.59447,145.43448,13.524195,142.7849,142.82106,13.840981,138.7318,142.67723,16.192791,138.15314,146.76143,9.560699,142.84277,,,,,,
56,,,,,,,,,,,,,,,,152.83394,-0.1049982,145.93034,,,,152.1041,1.2822089,141.38948,113.41718,-12.994003,107.37629,,,,,,,,,,,,,151.86526,-1.5840418,147.75558,,,,149.10167,-3.2839394,143.72781,,,,,,,,,,148.90881,-0.8747156,143.49728,143.19577,2.808879,138.03488,146.2311,0.19438116,141.22923,143.19577,2.808879,138.03488,,,,148.79576,5.4311266,147.4957,148.1145,11.112679,144.96977,146.38481,12.5045595,144.38826,,,,146.0859,11.915939,140.91939,140.79146,14.524666,134.59286,145.92715,15.6347275,143.12723,143.59369,7.9902744,141.38297,143.70714,8.221914,137.64134,145.51218,13.559633,142.87418,142.80531,14.021778,138.79665,142.67548,16.23076,138.19261,146.89365,9.54852,143.11772,,,,,,
57,,,,152.17853,1.2486608,147.19408,,,,,,,,,,152.95175,-0.120670214,146.03604,,,,152.1845,1.3036959,141.47186,128.22234,-8.68154,122.33751,,,,152.31482,-0.43222392,147.60999,,,,,,,151.86526,-1.5840418,147.75558,,,,149.85161,-3.1520822,144.41545,152.93588,-0.3040302,147.83626,,,,,,,148.90771,-0.8773179,143.49767,143.25307,2.808078,138.05623,146.38437,0.19671704,141.25081,143.25307,2.808078,138.05623,,,,,,,,,,146.82466,12.542139,144.83261,,,,,,,145.17291,14.156932,138.76459,146.02989,15.693267,143.22589,143.59409,8.007713,141.38252,143.72551,8.253601,137.66284,145.56851,13.6642065,142.93153,142.79736,13.946047,138.7932,142.6738,16.246008,138.19444,146.96167,9.549614,143.20529,,,,,,
58,,,,152.21788,1.2664913,147.24501,,,,,,,,,,152.98903,-0.10486123,146.07841,,,,152.26422,1.3211874,141.50206,139.46101,-5.4346232,133.31784,,,,152.65724,-0.5422972,147.94475,,,,,,,151.85548,-1.5828648,147.7678,,,,149.9121,-3.3663635,144.40498,152.95181,-0.2837935,147.89088,,,,,,,148.87152,-0.87374586,143.49881,143.3569,2.8073478,138.1564,146.43495,0.16865997,141.29181,143.3569,2.8073478,138.1564,142.45116,13.921653,140.83255,,,,,,,149.20737,12.609772,147.20596,,,,,,,,,,146.06921,15.665352,143.27765,143.59103,8.013479,141.38596,143.75917,8.256687,137.69644,145.57114,13.663378,142.9633,142.8119,13.76512,138.80313,142.67699,16.22044,138.23868,147.02594,9.46927,143.30257,,,,,,
59,,,,152.65741,1.1346864,147.67735,,,,,,,,,,153.3628,-0.18966907,145.67354,,,,152.2795,1.3645772,141.51718,139.4701,-5.4242435,133.35934,,,,152.78096,-0.5384395,148.06454,,,,,,,83.48568,-23.823135,75.58458,,,,150.97858,-3.2054622,145.14005,153.03014,-0.29085392,147.97525,155.44379,1.4183285,149.6039,,,,148.87167,-0.8668134,143.50105,143.40013,2.846709,138.19359,146.48518,0.11489424,141.28073,143.40013,2.846709,138.19359,142.48697,13.915956,140.86719,57.934296,-3.4166431,57.23431,,,,150.2708,12.604044,148.2841,,,,,,,,,,146.08295,15.675014,143.30197,143.7339,8.069486,141.5434,143.87172,8.316766,137.77686,145.5542,13.557121,142.95552,142.80876,13.594053,138.78055,142.67699,16.22044,138.23868,147.62073,9.346679,143.8679,,,,,,
60,,,,152.57584,0.91393816,147.61018,,,,,,,,,,153.8282,-0.20317145,146.11856,,,,152.4386,1.372689,141.66489,140.86967,-5.0472875,134.67998,,,,153.18463,-0.7648668,147.68224,,,,,,,151.90298,-1.7381448,147.81949,,,,151.06352,-3.143459,145.22191,153.1111,-0.2690099,148.05551,,,,,,,149.06345,-0.85072345,143.68541,143.40807,2.892261,138.2063,146.49059,0.14590319,141.28488,143.40807,2.892261,138.2063,142.7551,13.883621,141.14322,138.14798,3.9763753,137.19757,,,,,,,,,,,,,,,,146.08772,15.648537,143.29907,143.74658,8.068792,141.55592,144.32806,8.343051,138.21387,145.56676,13.32856,142.93568,142.80699,13.584174,138.77936,142.37819,16.241814,138.56319,147.63596,9.245236,143.87634,,,,,,
61,,,,,,,,,,,,,,,,153.85304,-0.20241147,146.14215,,,,152.58638,1.3499398,141.77574,141.1861,-4.9325814,134.98651,,,,153.35138,-0.76033413,147.84285,,,,,,,151.54066,-1.8702705,147.44923,,,,151.0166,-3.0527668,145.48877,153.53433,-0.23717307,148.42531,,,,,,,149.79659,-0.9251776,144.34955,143.4252,2.9026375,138.19162,146.57498,0.14381024,141.33047,143.4252,2.9026375,138.19162,142.75832,13.863355,141.14261,140.85225,4.3548675,139.25894,,,,,,,,,,,,,,,,146.1575,15.719149,143.36296,143.81592,7.8811,141.54881,144.35689,8.258551,138.18831,145.47803,13.202457,143.14275,142.83058,13.559146,138.7625,142.38124,16.241737,138.56616,147.75502,9.101503,143.92711,,,,,,
62,,,,,,,,,,,,,,,,153.56367,-0.18819396,146.57452,,,,152.66414,1.3889018,141.87566,141.90158,-4.7443166,135.67052,,,,,,,,,,,,,151.72046,-1.6552547,147.66408,,,,151.6593,-2.9661274,146.00325,,,,,,,,,,149.84879,-0.92854816,144.39742,143.47336,2.8701456,138.27248,146.86714,0.061407723,141.58737,143.47336,2.8701456,138.27248,142.78212,13.662951,141.18256,143.399,4.52112,141.7575,,,,,,,,,,,,,145.51503,14.36715,140.90239,146.07945,15.817686,143.52602,143.88274,7.8886585,141.61446,144.41542,8.182712,138.2556,145.49846,13.182754,143.16867,142.85829,13.516735,138.82658,142.41528,16.164558,138.61806,147.80559,9.096322,143.97668,,,,,,
63,,,,,,,,,,,,,,,,154.07172,-0.1742378,147.2496,,,,152.77927,1.3592573,141.92839,140.74988,-5.2177277,134.54974,,,,,,,,,,,,,-422.64984,-188.64317,-318.4096,,,,151.72049,-2.9555533,146.1679,,,,,,,,,,149.88564,-0.95583016,144.43256,143.995,2.6807292,138.74063,146.91487,0.030332407,141.6322,143.995,2.6807292,138.74063,142.8763,13.647574,141.08904,144.30954,4.593904,142.65617,,,,,,,,,,,,,,,,146.08417,15.816121,143.60762,144.40475,7.8687153,142.1173,144.45361,8.068072,138.22218,145.54117,13.177413,143.19931,142.90086,13.379277,138.79808,142.40733,15.924111,138.58598,148.0165,9.08508,144.1797,,,,,,
64,,,,,,,,,,,,,,,,154.14507,-0.18466166,147.34535,,,,152.84042,1.3451207,141.94737,145.15411,-4.073187,138.65047,,,,,,,,,,,,,-422.70618,-188.65736,-318.43552,,,,151.84447,-2.9012232,146.30135,,,,,,,,,,149.9974,-0.9563652,144.39153,144.0376,2.6525226,138.77867,147.14267,-0.04846243,141.72803,144.0376,2.6525226,138.77867,142.88786,13.546889,141.0762,144.3037,4.0205784,142.6599,,,,152.0163,12.8473,150.97939,,,,,,,146.79846,13.576981,140.03459,146.09787,15.644295,143.62259,144.50005,7.8536425,142.14728,144.6933,7.6154623,138.44807,145.58255,13.179071,143.2356,143.18082,13.272498,139.06989,142.40074,15.796497,138.58347,148.13754,9.073292,144.2031,,,,,,
65,,,,,,,,,,,,,,,,154.44481,-0.05274267,147.64885,,,,153.03532,1.2950703,142.07126,145.68497,-3.9174678,139.15901,,,,,,,,,,,,,139.72859,-5.9239445,135.81268,,,,152.09882,-2.6561573,146.77992,,,,,,,,,,150.1585,-1.02236,144.5528,144.11526,2.5647938,138.74942,147.27881,-0.12088082,141.85252,144.11526,2.5647938,138.74942,142.90163,13.642331,141.08249,145.69115,4.5887556,144.00731,,,,,,,,,,,,,,,,146.10506,15.535449,143.61429,144.52486,7.854566,142.11914,144.77881,7.525814,138.41777,145.74496,13.074427,143.25903,143.24577,13.081056,138.97318,142.55756,15.663559,138.60419,148.25246,9.067202,144.31541,,,,,,
66,,,,,,,,,,,,,,,,154.65828,-0.026150927,147.83986,,,,153.092,1.2904443,142.124,147.78995,-3.430993,141.13985,,,,154.02661,-0.34459558,148.70918,,,,,,,141.95854,-5.2495804,138.00365,,,,152.3847,-2.657308,147.06172,154.47517,-0.19184913,148.80444,,,,,,,150.2265,-1.0262218,144.58167,144.19066,2.549654,138.81943,147.40714,-0.13022476,141.94049,144.19066,2.549654,138.81943,142.59265,13.650839,141.15471,145.4299,4.1014514,143.95079,,,,,,,,,,,,,,,,146.0254,15.511117,143.6989,144.51942,7.843315,142.11754,145.11893,7.506325,138.74394,145.77995,13.073073,143.29366,143.34084,13.074119,139.06627,142.71542,15.649207,138.75938,148.30576,9.059214,144.33289,,,,,,
67,,,,153.60542,1.139401,148.44579,,,,,,,,,,154.80606,-0.024275588,147.94566,,,,153.23465,1.2676008,142.25317,148.13477,-3.294324,141.46954,,,,154.31157,-0.2950952,148.98886,,,,,,,143.37099,-4.791304,139.38777,,,,152.4408,-2.6524804,147.11583,154.51503,-0.1870407,148.805,,,,,,,150.92947,-1.0835106,145.26245,144.29347,2.5419087,138.91852,147.45876,-0.13260522,141.9543,144.29347,2.5419087,138.91852,142.58511,13.644724,141.1456,145.86482,4.163792,144.37994,,,,,,,,,,,,,,,,145.94185,15.455654,143.63794,144.59265,7.7692366,142.18814,145.13287,7.508124,138.75725,145.8563,13.070115,143.36919,143.36244,13.074163,139.0525,142.75215,15.658135,138.79483,148.31984,9.07735,144.34598,,,,,,
68,,,,,,,,,,,,,,,,155.09308,-0.022653924,148.22113,,,,153.26958,1.3288249,142.28407,148.67459,-3.1018753,141.62749,,,,154.37115,-0.2166503,149.02019,,,,,,,143.8551,-4.5106487,140.11047,,,,152.49692,-2.9421175,147.09024,,,,,,,,,,150.96313,-1.019422,145.29315,144.32744,2.5882654,139.22397,148.07092,-0.121903926,142.54323,144.32744,2.5882654,139.22397,142.26408,12.641419,140.8739,145.9486,4.144548,144.3652,151.87547,10.115512,148.73686,153.1584,12.819283,150.90887,,,,147.87213,11.292446,142.3499,145.12177,13.849847,138.76874,145.91922,15.453392,143.61493,144.4711,7.395802,142.31192,145.09003,7.6898403,139.02267,145.86256,13.056353,143.62129,143.59229,13.2920885,139.05391,142.69547,15.717919,139.01706,148.67735,9.070808,144.33018,,,,,,
69,,,,,,,,,,,,,,,,155.10677,-0.022601312,148.2342,,,,153.31883,1.3298129,142.36627,149.46533,-2.9517953,142.38043,,,,,,,,,,,,,144.23364,-4.4111633,140.50916,,,,152.99876,-2.880969,147.56786,,,,,,,,,,151.22202,-1.0113906,145.20403,144.39867,2.562988,139.2917,148.21922,-0.1353446,142.68646,144.39867,2.562988,139.2917,,,,146.11821,4.1580687,144.55705,151.91916,10.088888,148.80986,153.31459,12.85111,150.73897,,,,147.72672,11.166454,142.84946,144.95992,13.918006,138.96652,145.9053,15.366372,143.59927,144.27208,7.36671,142.1359,145.17863,7.7137623,139.11519,145.84077,13.115835,143.64449,144.02608,13.568313,139.38701,142.76515,15.769599,139.08261,148.79895,9.059278,144.44737,,,,,,
70,,,,,,,,,,,,,,,,155.2644,-0.02965511,148.38104,,,,153.33385,1.2193266,142.42775,149.89618,-2.8662813,142.77063,,,,154.52986,-0.21433087,149.19795,,,,,,,144.82593,-4.2451563,141.09305,,,,153.20416,-2.8671782,147.76578,155.02078,-0.15955228,149.29785,,,,,,,151.45616,-1.0329717,145.42935,144.57097,2.3103526,139.39,148.34631,-0.13181655,142.81435,144.57097,2.3103526,139.39,143.36012,12.28976,139.07759,146.25418,4.1579456,144.76147,152.13905,10.053641,149.37352,153.4538,12.740314,150.84738,,,,147.72813,11.135776,142.84778,144.94052,13.9177475,138.98808,145.92416,15.317787,143.58784,144.32927,7.356822,142.1925,145.29745,7.8305025,139.26117,145.80223,13.117313,143.60626,144.16434,13.563253,139.51736,142.83878,15.795354,139.15594,148.80096,9.11644,144.46416,,,,,,
71,,,,,,,,,,,,,,,,155.59145,0.038460333,148.73114,,,,153.43823,1.2864587,142.51381,150.34702,-2.8787646,143.21794,,,,154.83113,-0.26267216,149.48953,,,,,,,146.0869,-4.00059,142.33032,,,,153.73601,-2.744204,148.00494,155.1528,-0.054561332,149.41116,,,,,,,151.5134,-1.086133,145.48567,144.63396,2.4787438,139.50964,148.38806,-0.17694443,142.84433,144.63396,2.4787438,139.50964,143.50258,12.345965,138.82997,146.6867,4.1632032,145.11104,152.41116,10.027673,149.36429,153.71655,12.7074585,151.09964,,,,147.4382,11.088158,142.59694,144.67036,13.381938,140.72679,145.92706,15.289114,143.5845,144.52597,7.3331175,142.38368,145.79944,7.816441,139.77884,145.83342,12.882654,143.61464,144.49535,13.528016,139.59587,143.3507,15.776548,139.41974,148.85153,9.033186,144.51413,,,,,,
72,,,,154.28212,1.028043,149.37614,,,,,,,,,,155.66396,0.02713707,148.79137,,,,153.79247,1.2106229,142.84482,151.24548,-2.7666821,144.11362,,,,,,,,,,,,,146.4384,-3.9531646,142.67316,,,,153.79193,-2.718769,148.106,,,,,,,,,,151.8522,-1.1428456,145.88882,144.89224,2.469137,139.46379,148.57751,-0.17823762,142.82278,144.89224,2.469137,139.46379,143.39357,12.5714,138.868,147.71002,4.1715155,146.09784,152.44308,9.996952,149.39386,153.57935,12.629557,151.26848,,,,,,,145.00157,13.123441,141.38947,145.93477,15.328008,143.58948,144.51917,7.291788,142.37785,145.89645,7.809357,139.9122,145.91805,12.843397,143.68982,145.14835,12.863828,140.17784,143.64395,15.591204,139.36067,148.9142,8.997222,144.64478,,,,,,
73,,,,,,,,,,,,,,,,155.72075,-0.00091059116,148.83633,,,,153.90953,1.1763777,142.94594,151.38165,-2.7750914,144.30351,,,,154.95105,-0.31633037,149.59895,,,,,,,146.82526,-3.9821963,143.14131,,,,153.89117,-2.4420657,148.25743,155.9373,-0.01760581,150.17757,,,,,,,151.91455,-1.1788299,145.97781,145.21144,2.3641095,139.50233,148.70299,-0.018579105,143.0016,145.21144,2.3641095,139.50233,143.41705,12.645691,138.87663,148.4834,4.191532,146.32825,,,,,,,,,,147.20178,11.009425,143.50404,145.62273,12.890256,142.04065,145.93536,15.257893,143.6593,144.47461,7.2581077,142.42068,146.06557,7.7792773,140.13562,145.86931,12.795271,143.73051,145.6338,12.844398,140.64992,143.86588,15.540009,139.57889,149.06302,8.805032,144.78557,,,,,,
74,,,,,,,,,,,,,,,,155.99925,0.04938743,149.12506,,,,154.1289,1.1570803,143.17233,151.67229,-2.7187698,144.60754,,,,,,,,,,,,,147.19049,-3.8711812,143.52013,,,,153.99641,-2.4371874,148.35516,,,,,,,,,,151.91885,-1.1640248,145.97969,145.4535,2.0479374,139.65532,148.94229,-0.02540285,143.19441,145.4535,2.0479374,139.65532,143.46532,12.714707,138.91992,148.7066,4.233595,146.54117,,,,,,,,,,147.1899,10.999699,143.51794,146.60228,12.848214,143.02852,146.02676,15.289323,143.74527,144.66849,7.176663,142.62328,146.09814,7.641261,140.15733,145.85837,12.83524,143.75897,145.82056,12.797529,140.8622,144.0652,15.52825,139.77432,149.29489,8.806305,145.00356,,,,,,
75,,,,,,,,,,,,,,,,156.34038,0.0823847,148.83742,,,,125.47012,-5.6658883,116.3657,151.85359,-2.5989237,144.78525,,,,,,,,,,,,,147.23074,-3.843419,143.59628,,,,154.14865,-2.54458,148.50284,,,,,,,,,,151.98927,-1.0980633,146.04564,145.50877,1.8067724,139.71382,149.00511,0.037489258,143.25294,145.50877,1.8067724,139.71382,143.05621,12.066638,139.37376,149.04454,4.2309046,146.87454,,,,,,,,,,,,,146.65167,12.844259,143.08618,146.0571,15.168689,143.77313,144.68785,6.837551,142.68182,146.27354,7.5979285,140.32564,145.82161,13.087398,144.02762,145.92343,12.8194065,140.9643,144.0256,15.4561615,140.04936,149.35773,8.888643,145.0616,,,,,,
76,,,,,,,,,,,,,,,,156.82593,0.057285853,149.26678,,,,129.63644,-4.688144,120.36503,152.00804,-2.5625486,144.93591,,,,,,,,,,,,,147.94656,-3.7261233,144.2879,,,,154.22168,-2.5462234,148.5732,,,,,,,,,,152.28606,-1.1204824,146.32309,145.62321,1.7887149,139.83067,149.32668,-0.10258619,143.54698,145.62321,1.7887149,139.83067,143.2036,12.408969,139.51201,148.84286,4.2431674,147.30414,,,,,,,,,,147.2098,10.903369,143.54964,146.6533,12.830113,143.08427,145.96867,15.0740795,143.67877,144.70213,6.832651,142.69495,146.37148,7.5920844,140.42775,145.84094,13.07172,144.04317,146.04684,12.819356,141.09082,144.17433,15.428797,140.22267,149.38977,8.903917,145.0974,,,,,,
77,,,,155.04668,1.2084875,150.22246,,,,,,,,,,156.87328,0.022891488,149.33638,,,,143.46272,-1.510375,133.32866,152.00598,-2.5670278,144.93843,,,,,,,,,,,,,148.0485,-3.760262,144.35349,,,,154.46353,-2.8020742,148.7285,,,,,,,,,,152.2872,-1.1258881,146.32361,146.05872,1.7460077,140.25267,149.61961,-0.1289499,143.8294,146.05872,1.7460077,140.25267,143.41754,12.656507,139.72589,148.83084,4.2507205,147.31873,,,,,,,,,,147.26457,10.901543,143.6032,146.6532,12.808393,143.08441,145.96017,15.018952,143.6786,144.79121,6.8011765,142.78973,146.40572,7.147006,140.46199,145.84346,13.049696,144.04027,146.04057,12.835037,141.12132,144.71179,15.36786,140.74548,149.41064,8.896795,145.12146,,,,,,
78,,,,,,,,,,,,,,,,156.85458,-0.08938073,149.32217,,,,143.76796,-1.7705619,133.602,152.33902,-2.5328689,145.25557,,,,,,,,,,,,,148.77658,-3.6195977,145.0494,,,,154.49815,-2.8006563,148.75104,,,,,,,,,,152.41539,-1.1375175,146.44351,146.1359,1.955549,140.38713,149.6604,-0.13045405,143.83449,146.1359,1.955549,140.38713,143.4575,12.805518,139.80762,148.68295,4.730386,147.31375,,,,,,,,,,,,,,,,145.97824,15.011521,143.65768,144.82541,6.784167,142.77629,146.38222,7.300734,140.50629,146.00919,13.044053,143.89867,146.32713,12.804946,141.67764,145.08669,15.333161,141.11308,149.84624,8.854997,145.57034,,,,,,
79,,,,,,,,,,,,,,,,157.09105,-0.106633656,149.51619,,,,147.24992,-1.134364,136.84613,152.33545,-2.5937345,145.24992,,,,,,,,,,,,,148.72401,-3.6865811,144.99205,,,,154.85637,-2.5649743,149.17126,,,,,,,,,,152.47482,-1.1850648,146.49684,146.253,1.928807,140.50539,149.7736,-0.051470924,143.99007,146.253,1.928807,140.50539,143.34384,13.160378,140.04156,148.58957,4.736047,147.23059,,,,,,,,,,,,,,,,145.99428,14.915439,143.6391,145.22191,6.741802,143.1574,146.75285,7.284926,140.88509,146.11618,13.00612,143.9492,146.56834,12.88319,141.93466,145.37349,15.345768,141.39178,,,,,,,,,
80,,,,,,,,,,,,,,,,157.17096,-0.068074085,149.58968,,,,146.9558,-1.3116679,136.76343,152.89565,-2.5969548,145.78328,,,,,,,,,,,,,148.65881,-3.760476,144.89885,,,,155.09106,-2.5983016,149.39761,,,,,,,,,,89.65949,-21.339989,81.93835,146.26395,1.9279716,140.51588,150.04796,-0.11213583,144.25703,146.26395,1.9279716,140.51588,143.56604,13.178686,140.29459,147.9018,4.3643413,146.5372,,,,,,,,,,,,,,,,146.00185,14.925676,143.64034,145.4137,6.6914406,143.34727,146.73317,7.2826486,140.93896,,,,146.77982,12.949531,142.21559,145.62697,15.368393,141.63852,,,,,,,,,
81,,,,,,,,,,,,,,,,157.20247,-0.05253704,149.55887,,,,149.69495,-0.8526134,139.3634,153.22453,-2.6359243,146.04436,,,,,,,,,,,,,148.78078,-3.9489145,144.73444,,,,155.21114,-2.853812,149.40027,,,,,,,,,,110.452255,-14.425461,104.78491,146.50537,1.9075643,140.7792,150.20181,-0.12141492,144.36931,146.50537,1.9075643,140.7792,143.86385,13.166513,140.58817,147.89108,4.3638167,146.55006,,,,153.56407,12.692184,151.08752,,,,,,,,,,146.1714,14.927663,143.86104,145.45927,6.681466,143.44856,146.91199,7.273513,141.1109,,,,147.04115,12.961346,142.49731,145.90295,15.396404,141.93008,-16.73317,2.0303535,-15.870628,,,,,,
82,,,,,,,,,,,,,,,,157.38795,-0.07554699,149.73396,,,,149.95268,-0.933623,139.67516,153.47841,-2.6542926,146.28123,,,,,,,,,,,,,148.93753,-3.817269,145.17033,,,,155.40445,-2.6491654,149.64018,,,,,,,,,,123.82395,-10.336895,118.474846,146.55025,1.8922732,140.84537,150.30319,-0.13256268,144.4663,146.55025,1.8922732,140.84537,143.9932,13.208881,140.73203,147.94151,4.860544,146.48953,,,,153.51,12.692704,151.03415,,,,,,,,,,146.1658,14.949784,143.87318,145.45428,6.681238,143.45435,146.91098,7.194846,141.28001,,,,147.51518,12.943109,142.95937,147.4609,15.3685055,143.45479,-16.736717,2.031661,-15.870826,,,,,,
83,,,,,,,,,,,,,,,,157.48695,-0.066281185,149.94073,,,,150.91124,-0.9113938,140.57649,153.19687,-3.0183914,146.12697,,,,,,,,,,106.66331,-16.21567,103.75319,148.98737,-4.216091,145.20872,,,,155.5244,-2.6679263,149.86256,,,,,,,,,,131.98788,-7.7678084,126.70823,146.63164,1.8851665,140.9338,150.406,-0.0856976,144.38489,146.63164,1.8851665,140.9338,144.15579,13.42529,140.94029,148.59692,4.919299,147.14247,,,,153.47008,12.678345,151.07869,,,,,,,,,,146.15909,15.000937,143.89955,145.92532,6.6598144,143.97029,147.1459,7.200018,141.506,146.2639,12.758651,144.26921,148.3405,13.052466,143.8056,147.46915,15.4228525,143.51588,134.83995,7.2143216,131.20409,,,,,,
84,,,,,,,,,,,,,,,,157.61308,-0.06472139,150.05042,,,,151.82076,-0.8837419,141.48889,153.28119,-3.1379886,146.19875,,,,,,,,,,,,,149.73143,-4.274406,145.70477,,,,,,,,,,,,,,,,135.64017,-6.738126,130.29218,146.68456,1.8314459,140.9959,150.50557,-0.12063163,144.47198,146.68456,1.8314459,140.9959,144.2457,13.287876,141.01624,148.78525,4.9395113,147.3245,,,,153.57805,12.670898,151.14822,,,,,,,,,,145.7683,14.9777975,143.55563,145.99922,6.7054443,144.08572,147.58414,7.187431,141.7403,146.164,12.675367,144.1692,148.68176,13.131885,144.16046,147.53734,15.430867,143.59975,137.30914,7.3305283,133.6667,,,,,,
85,,,,,,,,,,,,,,,,158.00485,-0.09392929,150.12495,,,,151.82669,-0.8419341,141.50206,153.62129,-3.1283917,146.22845,,,,,,,,,,,,,149.72311,-4.215635,145.71486,,,,,,,,,,,,,,,,136.05103,-6.668311,130.41219,146.70732,1.8175265,141.04454,150.53815,-0.15548462,144.49261,146.70732,1.8175265,141.04454,144.72493,13.339693,141.5238,149.30597,4.9829497,147.87634,,,,,,,,,,,,,,,,145.69406,14.964363,143.65262,145.9754,6.7047563,144.22202,147.63219,7.1855206,141.76991,146.11378,12.728694,144.06831,149.07312,13.0181875,144.5016,148.6886,15.3815565,144.70663,139.73259,7.554897,136.06445,,,,,,
86,,,,157.22443,0.87613636,151.26738,,,,,,,,,,158.25206,-0.2094738,150.36356,,,,152.22266,-0.77427596,141.87767,153.78525,-3.018039,146.38382,,,,,,,,,,,,,150.25851,-4.009434,146.23729,,,,156.22595,-2.940125,150.13797,158.24289,-0.12629062,151.39917,,,,,,,138.38336,-6.062682,132.68364,146.87563,1.6683898,141.11743,150.65048,-0.17991987,144.60115,146.87563,1.6683898,141.11743,144.60808,13.312565,141.65584,149.60197,4.9988956,148.16943,153.37823,10.155096,151.03653,153.37457,12.655164,151.21178,,,,,,,149.4254,12.800732,145.15446,145.60712,14.817319,143.5851,146.00476,6.80806,144.31113,147.65364,7.2597933,141.80843,146.06015,12.734099,144.01437,149.28879,12.77135,144.72174,148.67944,15.184291,144.70592,140.2714,7.4370203,136.59158,,,,,,
87,,,,,,,,,,,,,,,,158.51833,-0.20439506,150.53773,,,,152.06525,-0.95531636,141.73189,153.8777,-2.8666995,146.47061,,,,,,,,,,,,,150.8046,-3.8166785,146.69464,,,,156.28856,-2.9376273,150.12056,,,,,,,,,,139.53404,-6.017336,133.72165,146.90363,1.8059293,141.17253,150.66957,-0.30003104,144.56915,146.90363,1.8059293,141.17253,144.65788,13.082933,141.72073,150.07033,5.1598325,148.76616,,,,153.38965,12.5689745,151.2019,,,,,,,,,,145.67912,14.781024,143.6587,146.0122,6.825061,144.31825,147.6672,7.208134,141.82193,145.9741,12.795566,143.92662,149.66595,12.701549,145.10243,149.31158,15.075669,145.32797,141.87737,7.4838643,138.15659,,,,,,
88,,,,,,,,,,,,,,,,158.52171,-0.20447846,150.54097,,,,152.42137,-0.9113792,142.06361,154.23102,-2.843226,146.80666,,,,,,,,,,141.0028,-4.928745,139.68765,151.13554,-3.833061,146.9974,,,,156.42613,-2.936392,150.25266,,,,,,,,,,139.53404,-6.017336,133.72165,146.8768,1.936697,141.38646,150.69699,-0.30248952,144.59554,146.8768,1.936697,141.38646,144.64702,13.024334,141.71393,150.29564,5.166554,149.01161,,,,153.38965,12.5689745,151.2019,149.87744,6.03489,145.23589,150.6207,10.46182,146.16782,,,,145.70224,14.780253,143.68169,146.07445,6.80398,144.38011,147.76404,7.1543107,141.82947,145.97711,12.812376,143.92874,150.09854,12.587469,145.45801,149.80731,14.551939,145.75641,142.30205,7.392813,138.53647,,,,,,
89,,,,,,,,,,,,,,,,158.67111,-0.26953655,150.5826,,,,152.43216,-0.972486,142.05527,154.51044,-2.890531,147.2488,,,,,,,,,,,,,151.17021,-3.829969,146.97723,,,,156.83205,-2.9307556,150.56458,,,,,,,,,,139.5766,-6.070512,133.67801,146.98361,2.0216517,141.48843,151.13301,-0.3970999,144.91965,146.98361,2.0216517,141.48843,144.75699,12.946139,141.77167,150.29442,5.106008,149.01703,,,,,,,,,,151.21686,10.414246,146.66061,,,,145.84212,14.675617,143.7683,146.1799,6.759445,144.41466,147.90552,7.139553,141.96379,146.03667,12.889265,143.89912,150.21355,12.442178,145.5732,149.95078,14.455446,145.89145,143.25642,7.385282,139.45126,,,,,,
90,,,,157.54156,0.99218273,152.18715,,,,,,,,,,158.74571,-0.27145332,150.65347,,,,152.80852,-0.90499955,142.6333,154.92455,-2.8704998,147.65158,,,,,,,,,,,,,151.19093,-3.9044418,146.9973,,,,156.9045,-2.9305737,150.63412,,,,,,,,,,141.45709,-5.44754,135.50539,147.03299,2.0236096,141.53596,151.20088,-0.3757319,144.98412,147.03299,2.0236096,141.53596,144.79968,12.944341,141.81384,150.34769,5.107526,149.06985,,,,153.577,12.522379,151.37689,,,,151.34334,10.501441,146.77762,151.15335,12.337829,146.7636,145.85776,14.675092,143.78384,146.26782,6.631123,144.45894,148.08174,7.1297503,142.13309,146.04951,12.960653,143.90804,94.86086,12.959216,91.49007,150.0713,14.38487,146.01114,144.03207,7.4229093,140.1724,,,,,,
91,,,,157.56215,0.9498709,152.21619,,,,,,,,,,158.77379,-0.2891691,150.67438,,,,153.1295,-0.7649684,142.95886,154.94942,-2.8436308,147.67583,,,,,,,,,,,,,151.93767,-3.8353486,147.71643,,,,156.96344,-2.9709396,150.6706,,,,,,,,,,141.45969,-5.466212,135.50264,147.10727,2.0273306,141.6137,151.24251,-0.3936279,145.01938,147.10727,2.0273306,141.6137,144.81834,12.977527,141.8588,150.53757,5.058785,149.25893,153.7163,10.46193,151.31181,153.75598,12.520666,151.52254,,,,151.64658,10.504653,147.07237,,,,145.86261,14.701779,143.7871,146.37613,6.604465,144.32178,148.31163,7.118662,142.34253,146.1069,13.052082,143.98463,120.66222,12.319886,116.81483,124.58408,15.18756,121.03471,145.33044,7.470837,141.43658,,,,,,
92,,,,157.93808,0.9283779,152.5767,,,,,,,,,,159.15866,-0.318983,151.0242,,,,153.2912,-0.7578312,143.15268,155.13515,-2.8404853,147.84285,,,,158.36446,-0.6572026,152.587,,,,,,,151.9554,-3.837777,147.73228,,,,157.34276,-2.9919932,151.07332,,,,,,,,,,141.44374,-5.4724264,135.51947,147.15514,2.0033906,141.65378,151.2425,-0.39591607,145.05518,147.15514,2.0033906,141.65378,144.88957,12.972501,141.96513,150.58817,5.0741973,149.31268,153.68793,10.506181,151.35124,153.74362,12.471021,151.51225,151.67154,6.0258975,146.92754,151.91566,10.516006,147.52136,152.32648,12.210757,148.57278,145.83566,14.731111,143.78465,146.3334,6.601371,144.21912,148.4061,7.0656643,142.39978,146.13228,13.052471,143.95514,123.532684,12.394217,119.638,135.31198,14.728006,131.57562,146.16832,7.552406,142.30078,,,,,,
93,,,,,,,,,,,,,,,,159.24518,-0.34179762,151.08574,,,,153.43057,-0.6933641,143.28427,155.17027,-2.7743545,147.90979,,,,158.4907,-0.6650276,152.74236,,,,,,,153.04361,-3.6156993,148.78185,,,,157.36424,-3.127115,151.12325,,,,,,,,,,145.6539,-4.379939,139.60767,147.16333,2.007976,141.65244,151.24231,-0.38569495,145.09502,147.16333,2.007976,141.65244,145.13931,12.867763,142.21971,151.13979,5.121989,149.86311,153.65523,10.506508,151.31895,153.785,12.322439,151.5569,151.74942,6.038335,147.04134,152.61072,10.61142,148.31792,153.00623,12.63797,149.38133,145.79184,14.73258,143.7411,146.33714,6.665369,144.20981,148.59764,7.19699,142.49313,146.14114,13.045993,143.9448,126.61213,12.311001,122.67102,135.34506,14.70453,131.54628,146.5109,7.7462797,142.62944,,,,,,
94,,,,,,,,,,,,,,,,159.52344,-0.33252195,151.2932,,,,153.60274,-0.6527926,143.54562,155.38214,-2.7384412,148.14706,,,,,,,,,,,,,153.80974,-3.43903,149.48743,,,,157.48517,-3.1311293,151.35596,,,,,,,,,,145.59877,-4.356889,139.66959,147.25471,1.7317127,141.70538,151.30159,-0.39009365,145.26572,147.25471,1.7317127,141.70538,145.40569,12.271283,142.51753,151.44585,5.134103,149.77528,153.60144,10.500839,151.38646,153.4624,11.657975,152.0355,152.00835,6.048224,147.40558,153.23277,10.6299715,148.93198,153.55927,12.651049,150.04,145.75677,14.8954735,143.71136,146.36102,6.7157993,144.19733,148.62161,7.087968,142.4899,146.18228,12.8229685,143.92775,135.11244,12.063552,131.04854,141.88484,14.213402,137.91376,146.67374,7.563805,142.90686,,,,,,
95,,,,,,,,,,,,,,,,159.64067,-0.43004617,151.39694,,,,153.79614,-0.5827738,143.78732,155.39026,-2.8295724,148.27583,,,,,,,,,,,,,153.94543,-3.4207294,149.60962,,,,,,,,,,,,,,,,146.27823,-4.176392,140.42795,147.36592,1.7184466,141.84328,151.60677,-0.41775358,145.56297,147.36592,1.7184466,141.84328,145.49521,12.26216,142.65382,151.47871,5.1426044,149.8077,153.52013,9.846793,151.25679,153.40785,11.623954,151.97273,152.30005,6.0684996,147.69125,153.35524,10.668496,149.05867,153.67055,12.619942,150.15028,145.74321,14.959591,143.74843,146.39583,6.8709836,144.20601,148.74197,7.274511,142.52367,146.22203,12.725776,143.92883,135.11084,12.063517,131.0501,141.93196,14.214274,137.86302,146.86337,7.772876,143.08504,,,,,,
96,,,,,,,,,,,,,,,,159.73792,-0.5069061,151.48387,,,,153.82387,-0.5528575,143.87256,155.74121,-3.09178,148.60367,,,,,,,,,,,,,154.01065,-3.4401937,149.6657,,,,,,,,,,,,,,,,146.76749,-3.8597777,141.13474,147.52876,1.8236358,141.85196,151.59525,-0.30989578,145.65285,147.52876,1.8236358,141.85196,145.6628,12.233621,142.6967,151.49832,5.212547,149.8299,153.54944,9.846535,151.28574,153.29828,11.625447,151.86377,152.60054,6.137917,147.9864,153.49055,10.671857,149.1904,154.1829,12.70836,150.64719,145.8073,14.854266,143.67426,146.71135,6.8739123,144.4188,148.77852,7.3165135,142.63696,146.29253,12.479663,143.89973,126.57063,12.263843,122.71352,141.86789,14.198678,137.89783,147.29602,7.807034,143.5062,,,,,,
97,,,,,,,,,,,,,,,,159.79927,-0.50883305,151.54211,,,,153.74391,-0.36946192,144.37004,155.76015,-3.0304983,148.6498,,,,,,,,,,,,,154.3606,-3.4307413,150.22789,,,,,,,,,,,,,,,,146.95029,-3.8026993,141.66528,147.51082,1.6106566,142.03398,151.84944,-0.39857078,145.88072,147.51082,1.6106566,142.03398,146.00436,11.698149,142.994,151.6228,5.2476497,150.21695,153.93658,9.843057,151.65504,153.31802,11.674006,151.84056,152.89629,6.1505866,148.27611,154.48051,10.645211,150.15068,155.35638,12.462073,151.73965,145.86725,14.847479,143.71236,146.81622,6.965639,144.50902,148.96922,7.351218,142.84666,146.3285,12.460613,143.92584,126.569046,12.263812,122.71489,139.90219,14.283613,135.98119,147.32227,7.697866,143.5047,,,,,,
98,,,,158.49521,0.58356214,153.24004,,,,,,,,,,159.86577,-0.42954725,151.63269,,,,153.73132,-0.32432586,144.45328,155.94319,-3.0499492,148.835,,,,,,,,,,,,,154.4575,-3.451513,150.32137,,,,,,,,,,,,,,,,147.695,-3.6383853,142.385,147.69562,1.5955904,142.21567,152.1198,-0.44551146,146.13351,147.69562,1.5955904,142.21567,145.94882,11.550529,143.16072,151.8684,5.267113,150.46443,153.99907,10.072981,151.7087,153.34702,11.75754,151.84775,153.3707,6.168462,148.73878,155.36688,10.891506,150.9346,155.60164,12.353804,151.64853,145.80591,14.56225,143.58054,146.91249,6.90314,144.60733,148.69722,7.3581376,143.16777,146.40059,12.247211,143.97104,128.8717,12.215162,124.96602,141.7543,14.176811,138.01688,148.06294,7.574942,144.18721,,,,,,
99,,,,,,,,,,,,,,,,160.15547,-0.49347815,151.82518,,,,153.87112,-0.31589794,144.6096,155.96968,-3.0546954,148.86032,,,,,,,,,,,,,154.58243,-3.5385783,150.44612,,,,,,,,,,,,,,,,148.3727,-3.5055861,143.03848,147.94583,1.4777814,142.45868,152.2307,-0.4563953,146.16841,147.94583,1.4777814,142.45868,146.0037,11.528206,143.22348,151.86243,5.266818,150.47205,154.11194,9.952777,151.79025,153.3506,11.77169,151.85066,153.50586,6.149501,148.87003,155.82857,10.877497,151.38023,155.6789,12.246542,151.72652,146.18773,14.549987,143.92456,146.91249,6.90314,144.60733,149.10542,7.354977,143.5993,146.45715,12.130576,144.03297,128.65219,12.145274,124.756004,141.5294,14.167738,137.79735,148.16476,7.5621557,144.28218,,,,,,
100,,,,,,,,,,,,,,,,160.43454,-0.47376356,152.10236,,,,153.75076,-0.3303247,144.88982,156.02823,-3.1099038,148.9156,,,,,,,,,,,,,154.61186,-3.5376773,150.47476,,,,,,,,,,,,,,,,148.67464,-3.5152357,143.36589,148.09116,1.4643447,142.62701,152.22281,-0.49212924,146.26625,148.09116,1.4643447,142.62701,146.02257,11.500531,143.2695,152.08406,5.291897,150.67747,154.01129,10.238255,151.74432,154.10884,12.1335,151.9425,153.50928,6.0249586,148.90924,156.61026,10.865058,152.1444,156.5588,12.180135,152.58913,146.28696,14.555563,143.84618,147.35405,6.875745,145.07307,149.14293,7.368579,143.65143,146.4772,12.092191,144.04456,136.22092,12.048837,132.16309,141.7543,14.176811,138.01688,148.23901,7.5446563,144.39026,,,,,,
101,,,,,,,,,,,,,,,,160.45018,-0.44493854,152.11633,,,,153.6373,-0.74074566,144.99684,156.22984,-3.0415766,149.12433,,,,,,,,,,,,,154.6901,-3.5346246,150.50713,,,,,,,,,,,,,,,,148.57555,-3.6145425,143.27176,148.13322,1.4099574,142.66261,152.21783,-0.5332922,146.26265,148.13322,1.4099574,142.66261,146.09306,11.250483,143.36227,152.1887,5.3291626,150.59511,154.13708,10.457945,151.86066,154.13843,12.191102,151.96906,153.9145,6.029842,149.30478,156.52995,10.368854,152.0782,157.23987,11.9664345,153.25755,146.29362,14.531195,143.84695,147.39177,6.9389143,145.10907,149.17575,7.394166,143.69473,146.5618,11.878087,144.1791,136.69884,12.038188,132.62305,142.33699,14.212824,138.42244,148.33856,7.5234904,144.49507,,,,,,
102,,,,,,,,,,,,,,,,160.44502,-0.42867762,152.36557,,,,153.84329,-0.822896,145.18073,156.32965,-2.9271173,149.30215,,,,,,,,,,,,,155.08597,-3.4723964,150.5846,,,,,,,,,,,,,,,,150.63275,-3.257108,145.26312,148.39288,1.3511382,142.90173,-306.49854,-131.41933,-233.62903,148.39288,1.3511382,142.90173,146.08784,11.198052,143.35942,152.41,5.299715,150.75935,154.14812,10.179995,151.84618,154.69194,12.528289,151.66641,154.15541,6.1448016,149.5352,156.73233,10.387103,152.28043,157.79094,11.973417,153.80045,146.34573,14.531782,143.78638,147.39815,6.8685427,145.11543,149.19354,7.3940916,143.71213,146.55533,11.896218,144.19711,137.01672,12.068911,132.93747,142.33583,14.223748,138.4237,148.92523,7.5406995,145.06033,147.16843,1.8159415,139.00154,,,
103,,,,,,,,,,,,,,,,160.36444,-0.45793435,152.48087,,,,153.89072,-0.8958956,145.30605,156.40062,-2.9267724,149.40448,,,,,,,,,,,,,155.26314,-3.3564482,150.62207,,,,,,,,,,,,,,,,150.71933,-3.1823819,145.4697,148.3663,1.2115088,142.98022,56.454666,-44.267914,21.711458,148.3663,1.2115088,142.98022,146.29674,10.888395,143.6636,152.46973,5.3266125,150.86467,154.19148,10.296878,151.94537,154.73831,12.77412,151.76604,154.20654,6.2017865,149.69017,157.10938,10.350077,152.75432,158.22188,11.948306,154.18538,146.28387,14.45906,143.84142,147.36972,6.72359,145.10843,149.156,7.397324,143.76305,146.565,11.895782,144.20723,142.61584,11.941627,138.34187,141.6248,14.279332,137.7268,148.87355,7.5390787,145.12227,147.24791,1.763124,139.09933,,,
104,,,,159.30775,0.49420875,154.24855,,,,,,,,,,160.61424,-0.4671496,152.71864,,,,153.9118,-1.0462828,145.32578,156.56242,-2.8804665,149.65388,,,,,,,,,,,,,155.45438,-3.3219082,150.80719,,,,,,,,,,,,,,,,151.01166,-3.1428523,145.75166,148.45763,1.2705135,143.0682,57.337475,-41.68744,26.699488,148.45763,1.2705135,143.0682,146.29395,10.809024,143.65308,152.5496,5.3497944,150.90111,154.12025,10.297723,151.88269,154.8222,12.7971945,151.81187,154.687,6.260434,150.16222,157.24411,10.389259,152.8956,158.41023,12.075615,154.37581,146.33939,14.399986,143.93958,147.6794,6.7753277,145.2193,149.2279,7.3866725,143.86906,146.5985,11.963292,144.25745,140.64577,12.016983,136.43527,141.198,14.3333845,137.39491,148.9496,7.548577,145.19846,148.02707,1.8408386,139.80313,148.02707,1.8408386,139.80313
105,,,,159.48204,0.47682056,154.45973,,,,,,,,,,160.80876,-0.45501578,152.93623,,,,153.38988,-1.0754251,146.06952,156.70164,-2.8791456,149.7869,,,,,,,,,,,,,155.52988,-3.310923,151.03227,,,,158.8379,-3.0877886,152.91383,,,,,,,,,,151.04668,-3.1795282,145.8074,148.45023,1.2689307,143.09624,120.21798,-10.188897,115.02728,148.45023,1.2689307,143.09624,146.27571,10.8085375,143.67523,152.56311,5.3161473,150.96164,154.11562,10.280242,151.8788,154.81407,12.837318,151.84349,154.75432,6.2847524,150.25914,157.70511,10.368143,153.38399,158.58812,12.258908,154.5454,146.51256,14.390887,144.15985,147.84364,6.7404704,145.37488,149.22388,7.385796,143.89006,146.655,12.124586,144.44151,140.8379,11.765772,136.4911,141.20218,14.407606,137.4008,149.05038,7.681917,145.33047,148.29738,1.7575324,140.04974,,,
106,,,,,,,,,,,,,,,,160.81253,-0.50161386,152.94356,,,,153.48517,-1.0669225,146.25671,156.6424,-2.9482713,149.80052,,,,,,,,,,,,,155.59613,-3.3229764,151.09232,,,,158.99117,-3.1576674,153.09813,,,,,,,,,,151.72795,-3.0046422,146.52245,148.55766,1.2663686,143.2341,120.20638,-10.222486,115.036194,148.55766,1.2663686,143.2341,146.2719,10.79016,143.71877,152.64717,5.275366,151.06842,153.99916,10.281796,151.76366,154.78955,12.887939,151.87753,154.85396,6.0733414,150.34085,157.73686,10.33769,153.45328,159.118,12.248231,155.3775,146.48663,14.363103,144.1908,147.80519,6.487152,145.40337,149.31804,7.355534,144.05681,146.90506,12.122944,144.55566,141.61282,11.788635,137.26953,141.19116,14.4119425,137.41322,149.03105,7.6813293,145.3537,148.50064,1.6490626,140.2196,148.5009,1.647188,140.2193
107,,,,,,,,,,,,,,,,160.84674,-0.6617891,152.92152,,,,153.92679,-0.9991503,146.85674,156.68277,-2.8777843,149.90544,,,,159.79657,-0.9262269,154.3196,,,,,,,155.55498,-3.3636894,151.21214,,,,158.99597,-3.1435533,153.10254,,,,,,,,,,151.7466,-2.9853215,146.5386,148.67487,1.2919717,143.35773,128.74341,-7.956173,123.56517,148.67487,1.2919717,143.35773,146.35873,10.746021,143.7945,152.63399,5.2543416,151.05922,153.9849,10.338378,151.78233,154.84024,12.901173,151.9307,155.37787,6.039453,150.84161,158.10861,10.29613,153.82164,159.20598,12.261286,155.46567,146.23398,14.44207,144.20055,147.689,6.4648623,145.52481,149.4587,7.352663,144.19727,146.84566,12.132351,144.6345,141.62468,11.753865,137.25684,141.335,14.317362,137.51108,149.05537,7.6874614,145.379,148.60991,1.7401044,140.41592,,,
108,,,,,,,,,,,,,,,,160.89658,-0.58343637,152.96826,,,,154.4522,-0.59265894,147.34898,156.65427,-2.879655,149.94318,,,,,,,,,,,,,155.68681,-3.4549286,151.34125,,,,158.97762,-3.096442,153.24423,,,,,,,,,,151.09224,-3.0615697,145.86797,148.70352,1.2896525,143.3854,128.73108,-7.9520097,123.57595,148.70352,1.2896525,143.3854,146.76718,10.686478,143.99709,152.59805,5.1428976,151.00688,154.30078,10.346518,151.3689,154.6926,12.987186,151.78194,155.64651,5.9440694,151.06683,158.30878,10.268843,154.0174,159.23169,12.260669,155.49086,146.36464,14.447098,144.33258,147.81876,6.4686437,145.40842,149.51175,7.35295,144.17496,147.10991,12.081239,144.76492,140.8671,11.766432,136.46024,142.11137,14.260823,138.18729,149.3905,7.6685715,145.70724,149.22197,1.8062803,140.99352,,,
109,,,,,,,,,,,,,,,,161.05989,-0.62890863,153.2052,,,,154.65465,-0.54392034,147.56601,156.38863,-3.038626,149.69218,,,,,,,,,,,,,155.78447,-3.5252028,151.19447,,,,158.98051,-3.0870745,153.26869,,,,,,,,,,151.74583,-3.0034618,146.50027,148.68091,1.3681507,143.43967,132.46465,-6.7439466,127.39727,148.68091,1.3681507,143.43967,147.33124,10.213721,143.50256,152.6069,5.1008162,151.01613,154.30078,10.346518,151.3689,154.62624,12.98833,151.71652,155.61208,5.7861176,151.03421,158.60237,10.261198,154.38339,159.49525,12.251689,155.64287,146.4188,14.462403,144.27649,147.81122,6.37654,145.40149,149.55278,7.4817853,144.18742,147.20996,12.120705,144.64702,141.69275,11.785113,137.25507,142.35886,14.1999855,138.40598,149.57716,7.582931,145.86513,,,,,,
110,,,,160.30011,0.5369775,154.53992,,,,,,,,,,161.11656,-0.7303181,153.44984,,,,154.73042,-0.53186166,147.6158,156.38635,-3.022611,149.69518,,,,,,,,,,,,,156.20242,-3.5169525,151.48866,,,,,,,,,,,,,,,,151.79924,-3.1096556,146.2646,148.89482,1.352148,143.8011,132.88342,-6.593971,127.898674,148.89482,1.352148,143.8011,147.37279,10.307425,143.51277,153.23042,5.112683,151.24171,154.32532,10.3433695,151.48726,154.70775,12.954092,151.74957,156.16962,5.7768164,151.30501,158.80328,10.2306795,154.73373,159.83226,12.249236,155.67088,146.60326,14.552233,144.32141,148.08975,6.3701844,145.55266,149.81287,7.197744,144.2178,147.23848,12.119834,144.66325,142.12746,11.969782,137.66145,143.7448,14.088643,139.7536,150.11342,7.4912534,146.46355,,,,,,
111,,,,160.38893,0.5245158,154.62274,,,,,,,,,,161.17282,-0.7025431,153.64256,,,,155.13223,-0.53313094,147.9078,156.75569,-2.9936182,150.02087,,,,160.14209,-0.85586447,155.06944,,,,,,,156.53072,-3.4505532,151.82767,,,,,,,161.03487,-0.5513956,154.86299,,,,,,,152.14958,-3.0596857,146.60585,149.33096,1.2880453,144.33289,141.78104,-4.257122,136.5842,149.33096,1.2880453,144.33289,147.35771,10.30007,143.49394,153.2398,5.067682,151.22955,154.32524,10.270621,151.48763,154.71873,12.899181,151.74753,,,,158.89929,10.162459,154.80565,159.92012,12.303871,155.76025,146.71623,14.614974,144.38165,148.12971,6.3631177,145.59087,149.8489,7.046574,144.2426,147.4642,12.451415,144.9081,142.89278,11.965026,138.38371,143.74477,14.088398,139.75359,150.02588,7.3621616,146.51874,,,,,,
112,,,,,,,,,,,,,,,,161.40265,-0.6004661,154.03291,,,,155.60603,-0.43061405,147.57411,157.25812,-2.989959,150.50159,,,,,,,,,,,,,156.68573,-3.396645,151.98204,,,,,,,,,,,,,,,,152.53773,-3.0222983,146.97961,149.30464,1.2775339,144.3681,145.4734,-3.2559395,140.22713,149.30464,1.2775339,144.3681,147.39525,10.32811,143.49481,153.35045,5.0722594,151.27579,154.33728,10.295426,151.486,154.6225,12.653109,151.7352,156.27664,5.7282467,151.39693,158.96666,10.124676,154.84941,159.97545,12.302484,155.81433,146.76494,14.700002,144.42513,148.62044,6.325404,146.07301,149.90216,6.932333,144.26591,147.46489,12.577707,144.92471,142.97539,12.031419,138.38167,143.73454,14.01257,139.74533,150.03911,7.346188,146.64955,,,,,,
113,,,,,,,,,,,,,,,,161.62653,-0.6334756,154.26578,,,,156.12636,-0.4222366,147.81317,157.40869,-2.9427898,150.55609,,,,,,,,,,,,,156.64943,-3.3684914,152.03073,,,,,,,,,,,,,,,,153.05177,-3.0300174,147.53804,149.31355,1.2040128,144.434,146.19185,-3.0558145,141.00687,149.31355,1.2040128,144.434,147.4352,10.470911,143.51106,153.32289,5.070858,151.31152,154.51039,10.293046,151.65643,154.63129,12.566707,151.72362,156.3847,5.5712943,151.54694,159.3566,10.130599,154.80016,159.99507,12.34113,155.91502,146.98657,14.617609,144.62698,148.64575,6.28426,146.12141,150.07176,6.8328385,144.50217,147.48604,12.536719,144.98053,143.00148,12.080053,138.40685,143.0305,13.937943,139.1305,150.65433,7.445855,147.34334,,,,,,
114,,,,,,,,,,,,,,,,161.6064,-0.54808724,154.34412,,,,156.44682,-0.35133517,147.83571,157.58199,-2.9426577,150.72182,,,,,,,,,,,,,156.61897,-3.2410889,152.38899,,,,159.95363,-2.8739026,154.1344,,,,,,,,,,153.2662,-3.0266063,147.77339,149.2978,1.1971437,144.45073,147.00919,-2.6874266,141.84065,149.2978,1.1971437,144.45073,147.4845,10.515826,143.47963,153.52199,5.128105,151.45892,154.7436,10.514459,151.69197,154.61574,12.44578,151.72583,156.59796,5.4337,151.71303,159.37521,10.191615,154.8204,160.08171,12.391218,155.99142,147.01,14.528182,144.6371,148.90593,6.1260724,146.40343,150.15216,6.673217,144.55814,,,,143.05113,12.1449175,138.43231,142.01994,13.942225,138.13008,150.64407,7.6314597,147.38316,,,,,,
115,,,,,,,,,,,,,,,,161.84718,-0.48134482,154.62534,,,,157.06235,-0.20371717,148.0701,158.04369,-2.86228,151.05219,,,,,,,,,,,,,156.60646,-3.1139681,152.50204,,,,,,,,,,,,,,,,153.49496,-2.9847476,147.98158,149.63521,0.9963001,144.78726,148.17601,-2.24938,143.00308,149.63521,0.9963001,144.78726,147.71185,10.607603,143.67531,153.68646,5.110756,151.54524,154.82887,10.534489,151.6145,154.5551,12.401778,151.66768,156.8935,5.4160256,151.98788,159.58128,10.21214,154.99715,160.1502,12.436846,156.05663,147.32277,14.517458,144.9472,148.95032,5.936788,146.46614,150.26933,6.6581955,144.66165,,,,143.02104,12.080442,138.38554,142.14381,13.855507,138.0089,150.79024,7.6437488,147.52599,,,,,,
116,,,,,,,,,,,,,,,,161.83365,-0.4579281,154.7185,,,,157.13332,-0.092667684,148.1152,158.37381,-2.8251653,151.22418,,,,,,,,,,,,,156.63344,-3.0688639,152.5214,,,,160.15105,-2.7753253,154.3733,,,,,,,,,,153.40149,-3.1016238,147.99811,149.67004,1.0453677,144.9483,148.95358,-2.0273812,143.86734,149.67004,1.0453677,144.9483,147.80215,10.640759,143.76149,153.70813,5.132595,151.51698,154.83118,10.613788,151.62808,154.56279,12.445702,151.68065,157.45076,5.4180565,152.0644,159.65042,10.271102,155.10544,160.27081,12.427401,156.04578,147.85117,14.321538,145.3439,148.99908,5.928313,146.61288,150.27888,6.6484437,144.66016,148.23409,12.42363,145.82457,143.559,11.862809,138.75233,142.21823,14.077457,137.9364,151.06091,7.6476903,147.67307,,,,,,
117,,,,,,,,,,,,,,,,161.95454,-0.43844265,154.88857,,,,157.5562,-0.12423061,148.37512,158.49193,-2.72439,151.33566,,,,,,,,,,,,,157.0923,-3.0738287,153.03384,,,,160.32779,-2.766728,154.67505,,,,,,,,,,153.75595,-3.088751,148.35422,149.79956,1.0913723,145.10477,149.52568,-1.9432952,144.43304,149.79956,1.0913723,145.10477,147.77637,10.777204,143.82318,153.67148,5.047317,151.53108,155.01717,10.755155,151.80544,154.56273,12.446424,151.68076,157.52356,5.383777,152.06955,159.92778,10.362651,155.34352,160.28882,12.46132,156.06215,148.02419,14.21432,145.51572,149.33736,5.870714,146.99548,150.43407,6.6005816,144.79977,,,,143.86682,11.794352,138.98903,143.67163,14.016106,139.34964,151.21783,7.7076426,147.7522,,,,,,
118,,,,,,,,,,,,,,,,162.03207,-0.44427353,155.01562,,,,157.74713,-0.3031545,148.35094,158.5425,-2.7296996,151.52228,,,,,,,,,,,,,157.20667,-3.0670784,153.14514,,,,160.56143,-2.750259,154.92014,,,,,,,,,,154.31865,-3.0390546,148.97069,149.7889,1.0589331,145.16422,149.92691,-1.8579353,144.89076,149.7889,1.0589331,145.16422,147.91827,11.630571,144.13538,154.21495,4.950058,152.05875,155.00925,10.828695,151.81593,154.68695,12.380259,151.51747,157.60242,5.3021994,152.08041,160.20667,10.754515,155.61444,160.30641,12.440247,156.06065,148.03056,14.192385,145.51682,78.95723,-5.553556,76.98117,150.50656,6.536232,144.76112,,,,144.85895,11.673799,139.92773,143.67496,13.987476,139.346,151.4091,7.7090564,147.93466,,,,,,
119,,,,,,,,,,,,,,,,162.41135,-0.4385235,155.38484,,,,158.0799,-0.3063315,148.5532,158.52412,-2.7520962,151.59924,,,,,,,,,,,,,157.17036,-3.2457273,153.24081,,,,160.60208,-2.718685,155.1055,,,,,,,,,,154.50073,-2.9822726,149.21744,149.87036,1.0659056,145.48872,150.05879,-1.8252676,145.26205,149.87036,1.0659056,145.48872,147.95172,11.6784,144.16457,,,,155.09204,10.77185,152.08739,154.88568,12.584394,151.70029,158.36137,3.8162138,151.24086,,,,,,,,,,90.42324,-3.862289,88.6422,150.83972,6.4927387,144.7307,145.48383,11.3273115,143.06744,145.44759,11.934057,140.48633,143.67836,13.885737,139.33917,151.8608,7.8143177,148.36069,,,,,,
120,,,,,,,,,,,,,,,,162.50134,-0.40340412,155.44905,,,,158.94034,-0.19086273,148.92915,159.3223,-2.764505,152.47903,,,,,,,,,,,,,157.15437,-3.5965996,153.21724,,,,160.80978,-2.7754698,155.4398,,,,,,,,,,154.70525,-3.0303144,149.58112,149.81677,1.0420475,145.5663,149.99911,-1.8666811,145.33432,149.81024,1.0909042,145.57419,147.97192,11.783618,144.17635,,,,155.1193,10.757362,152.11067,154.79646,12.705301,151.88068,158.4746,3.8132713,151.3492,160.22108,10.751074,155.76608,160.26823,12.31463,156.25455,,,,118.04971,0.39305013,116.36637,150.89954,6.489806,144.77243,,,,145.5519,11.882512,140.56761,143.982,13.685371,139.56276,151.91464,7.810346,148.4123,,,,,,
121,,,,161.5917,0.7114192,156.0927,,,,,,,,,,162.6332,-0.23366904,155.63533,,,,159.1968,-0.19508737,148.75279,159.28392,-2.768999,152.58437,,,,161.81267,-0.58037186,156.87105,,,,,,,157.19887,-3.6305501,153.25499,,,,160.82076,-2.7864242,155.4898,162.4634,-0.36412644,156.87291,,,,,,,155.08997,-2.9775813,149.98369,149.80644,1.2062471,145.69096,150.37074,-1.7514365,145.81529,149.78627,1.3582656,145.71542,148.2693,11.768788,144.46904,154.71097,4.9352355,152.68416,155.24097,10.6746435,152.21112,154.80415,12.535724,151.87949,158.5494,3.811294,151.42075,160.28636,10.591329,155.67024,160.30203,12.214289,156.26042,146.88068,13.62227,144.27823,130.17047,2.3966777,128.48892,-52.996937,-17.706831,-45.99593,,,,146.41002,11.439265,141.3823,144.84995,13.420422,140.4007,151.99681,7.8211155,148.73578,,,,,,
122,,,,161.62521,0.7263353,156.09198,,,,,,,,,,162.6795,-0.20805977,155.68909,,,,159.51091,-0.30812562,149.04823,159.63153,-2.813566,152.90526,,,,161.77151,-0.51453906,156.89426,,,,,,,157.56644,-3.6342344,153.61328,,,,161.0868,-2.7961853,155.74713,162.67131,-0.38973063,157.07799,,,,,,,155.0496,-3.01773,150.20644,149.884,1.2668787,145.81152,150.71262,-1.7559687,146.13394,149.88396,1.2671167,145.81155,148.4752,11.758519,144.6717,154.87955,5.048396,152.80617,155.4674,10.569376,152.43466,154.94775,12.481654,152.00832,159.60587,4.9169602,152.73021,160.3481,10.506349,155.58105,160.62048,12.146974,156.55797,147.57056,13.549473,144.94765,132.32489,2.5420308,130.61826,128.19781,3.4968145,122.99771,,,,146.72133,11.482962,141.66565,143.58652,13.413101,139.15022,152.21954,7.884105,148.93666,,,,,,
123,,,,161.86906,0.6973335,156.36118,,,,,,,,,,162.66678,-0.30518624,155.67987,,,,159.93431,-0.23945208,149.42346,159.63376,-2.8982577,152.89674,,,,162.05896,-0.43658042,157.17067,,,,,,,157.58192,-3.6960766,153.87111,,,,161.1563,-2.814287,155.7752,162.7438,-0.41301835,157.14868,163.59555,1.2793822,158.32587,,,,155.03322,-3.0093656,150.20184,149.99692,1.1007972,145.86269,150.86295,-1.7762213,146.30632,149.97025,1.302156,145.89513,148.49559,11.902376,145.08519,154.97577,4.674147,152.76721,155.41325,10.292011,152.53252,154.91666,12.267606,151.96434,159.64172,5.015206,152.76736,,,,,,,147.80168,13.493482,145.17397,137.78728,3.5131433,136.0243,139.83693,5.2382326,134.1427,,,,146.68045,11.382378,141.63113,143.82718,13.400876,139.3853,152.39507,7.8714,149.10541,,,,,,
124,,,,161.95125,0.62995934,156.44304,,,,,,,,,,162.6961,-0.3592675,155.69934,,,,160.08212,-0.2682072,149.55347,159.75462,-2.8751006,153.01212,,,,162.34908,-0.45106247,157.45247,,,,,,,157.67743,-3.682354,153.99841,,,,161.19707,-2.8692896,155.80518,162.75897,-0.44166636,157.15396,163.60841,1.2516143,158.32903,,,,155.21632,-3.0554442,150.36827,150.124,1.2859194,146.04184,151.0254,-1.9673784,146.46646,150.12265,1.2961375,146.04346,148.678,11.758806,145.28217,155.07294,4.6559277,152.90382,155.48915,10.243373,152.61537,154.91731,12.261551,151.96346,159.76273,5.010517,152.91377,,,,,,,147.94223,13.2857275,145.30643,144.07767,4.4602313,142.23964,142.84001,5.604605,137.02455,,,,146.36444,11.261036,141.3287,144.83615,13.273145,140.37851,152.61082,7.814477,149.31332,,,,,,
125,,,,,,,,,,,,,,,,162.63797,-0.40551153,156.22234,,,,160.13918,-0.29497313,149.58589,160.01457,-2.934328,153.21663,,,,162.22998,-0.51214683,157.90654,,,,,,,157.65044,-3.7087078,154.01628,,,,161.3881,-2.8990476,155.94983,,,,,,,,,,155.22234,-3.0782106,150.33643,150.30183,1.2677025,146.17833,151.2581,-2.0391774,146.89204,150.30183,1.2677025,146.17833,148.84189,11.562534,145.45499,154.95444,4.5437627,153.65248,,,,154.91196,11.852659,152.10155,159.49783,4.9209933,153.23344,,,,,,,147.87375,13.128118,145.47368,145.67314,4.896537,143.73306,142.82669,5.604037,137.03891,148.84233,10.752703,146.21101,145.88737,11.199226,141.38011,144.82146,13.226322,140.87846,152.84998,7.7398434,149.51448,,,,,,
126,,,,,,,,,,,,,,,,162.92082,-0.45793056,156.52267,,,,160.34698,-0.3165841,149.73932,160.24086,-2.944627,153.42223,,,,162.37863,-0.53899306,158.0891,,,,,,,157.71495,-3.740526,154.29254,,,,161.44527,-2.905622,156.00389,,,,,,,,,,155.50694,-3.118163,150.6019,150.37819,1.2502748,146.25279,151.2558,-2.0624146,146.92583,150.37819,1.2502748,146.25279,148.8872,11.553735,145.50002,,,,,,,155.148,11.8412285,152.3701,,,,,,,,,,149.18326,13.0965605,147.05054,146.22981,5.157071,144.33252,142.53046,5.5720644,137.26492,150.05988,10.642637,147.41508,145.74731,10.945191,141.28024,143.53934,13.306888,139.6561,152.91129,7.795063,149.56679,,,,,,
127,,,,,,,,,,,,,,,,162.97968,-0.4612516,156.58817,,,,160.62523,-0.30416444,149.99895,160.29054,-2.9460528,153.4698,,,,162.4432,-0.5298476,158.15616,,,,,,,158.00395,-3.7222586,154.57503,,,,161.71275,-2.9145956,156.26144,,,,,,,,,,155.63011,-3.1018133,150.72101,150.50648,1.2512699,146.37756,151.26501,-2.2581325,146.9391,150.50648,1.2512699,146.37756,149.03888,11.533238,145.65013,154.76378,4.5307326,153.4917,,,,155.24333,11.83918,152.47018,159.43246,5.0067186,153.26077,,,,,,,150.51329,13.080821,148.40825,146.36826,5.1696415,144.46912,143.05304,5.6365414,137.7847,150.41045,10.633886,147.7608,145.73538,10.93612,141.27693,144.8028,13.252322,140.89949,153.19513,7.7595425,149.84627,,,,,,
128,,,,,,,,,,,,,,,,163.07706,-0.4836231,156.68236,,,,160.79604,-0.32684004,150.15883,160.44914,-3.0031748,153.62245,,,,162.57533,-0.81935644,158.20137,,,,,,,158.09032,-3.7238731,154.6595,,,,161.88467,-2.9429336,156.42056,,,,,,,,,,155.82822,-3.0756009,150.91377,150.64693,1.228691,146.5144,151.66225,-2.0475953,147.32129,150.64638,1.2286613,146.51505,149.1711,11.513665,145.78957,,,,,,,155.39635,11.809584,152.63594,,,,,,,,,,150.7269,13.05364,148.628,146.45929,4.990523,144.52596,144.31633,5.7494507,139.0174,151.06639,10.603208,148.42064,145.7001,10.89936,141.25116,144.80096,13.244991,140.89806,153.29102,7.6657915,149.92868,,,,,,
129,,,,,,,,,,,,,,,,163.46367,-0.51189613,157.09067,,,,161.13054,-0.39064935,150.49162,160.47237,-3.0148354,153.67905,,,,,,,,,,,,,158.24109,-3.778955,154.62756,,,,161.96075,-3.254109,156.45078,,,,,,,,,,155.80177,-3.1002316,150.92644,150.83188,0.9357721,146.58904,151.78499,-2.3374743,147.40039,150.81409,0.93478054,146.61093,149.2723,11.485865,145.89052,,,,156.33485,9.7851515,153.4529,155.49911,11.791747,152.77353,,,,,,,,,,151.45998,13.047666,149.31213,146.7556,4.9209924,144.84056,144.19385,5.673185,138.93016,151.33282,10.594775,148.7179,145.68127,10.892543,141.26521,145.16487,13.07308,141.26677,153.37451,7.6335874,150.03828,,,,,,
130,,,,,,,,,,,,,,,,163.44852,-0.51309806,157.12111,,,,161.31268,-0.44467297,150.72327,160.82973,-3.0277932,154.06686,,,,,,,,,,,,,158.24901,-3.842841,154.63591,,,,162.20107,-3.270005,156.72263,,,,,,,,,,155.98029,-3.0541193,151.13692,151.4692,0.850156,146.70798,152.03575,-2.2654896,147.67645,151.22697,0.83649147,147.00786,149.30731,11.422975,145.92847,155.43208,4.4739814,153.29335,,,,156.01161,11.78031,153.315,,,,,,,,,,152.10352,13.028788,149.77702,148.12323,5.059219,146.22864,144.5913,5.6778955,139.3553,151.88855,10.5615425,149.30124,145.64447,10.860344,141.27081,145.14926,13.045949,141.28392,153.77156,7.6240296,150.4624,,,,,,
131,,,,,,,,,,,,,,,,163.71135,-0.49112824,157.37311,,,,161.445,-0.5431995,150.86778,161.01292,-3.0833516,154.27739,,,,,,,,,,,,,158.36911,-3.892015,154.75368,,,,162.25331,-3.33318,156.81303,,,,,,,,,,155.96368,-3.055232,151.15892,151.47041,0.84080744,146.70645,152.4139,-2.301982,148.08025,151.4692,0.850156,146.70798,149.50148,11.397579,145.90485,,,,,,,156.11359,11.730432,153.7775,,,,,,,,,,152.09091,12.934754,149.76085,148.38705,5.4331136,146.51497,145.21915,5.5756826,139.98747,151.87256,10.5211935,149.31493,145.63202,10.837487,141.28496,145.85509,13.002662,142.01486,153.79436,7.5781307,150.51709,,,,,,
132,,,,,,,,,,,,,,,,163.85667,-0.5345586,157.51404,,,,161.49756,-0.59964675,150.95901,161.24005,-3.0910134,154.49506,,,,,,,,,,,,,158.47896,-3.8941493,154.86101,,,,162.36258,-3.3380907,156.91995,,,,,,,,,,156.09312,-3.1246567,151.28503,151.47041,0.84080744,146.70645,152.4418,-2.3003652,148.10733,151.4692,0.850156,146.70798,149.51723,11.396829,145.92035,,,,,,,156.66728,11.545719,154.68588,,,,,,,,,,152.52168,12.93117,150.18648,149.00655,5.5932255,147.14534,145.21915,5.5756826,139.98747,152.29607,10.4723,149.73409,145.70403,10.861136,141.36186,144.97472,13.025103,141.47197,153.79105,7.5612397,150.51447,,,,,,
133,,,,,,,,,,,,,,,,163.98274,-0.5906021,157.3655,,,,161.61537,-0.60288763,151.06918,161.27931,-3.1523921,154.53346,,,,,,,,,,,,,158.60066,-3.880456,154.9805,,,,162.45767,-3.301463,157.01125,,,,,,,,,,156.29689,-3.1798015,151.48422,151.45334,0.89656043,146.68924,152.40912,-2.2824934,148.11382,151.43207,1.0580788,146.71556,114.38453,12.514325,111.29117,,,,,,,156.87227,11.532947,154.9304,,,,,,,,,,152.9383,12.924877,150.60342,149.10739,5.547271,147.25835,146.00717,5.6879907,140.74263,152.33661,10.465113,149.77824,146.19803,10.859171,141.8409,145.75253,13.013481,142.26723,154.1273,7.5003505,150.84596,,,,,,
134,,,,162.86333,-0.13817804,157.95935,,,,,,,,,,164.04738,-0.6599673,157.40544,,,,161.57707,-0.6408541,151.36574,161.42986,-3.2592604,154.45576,,,,163.1947,-1.060052,158.63268,,,,,,,158.60373,-3.9509106,154.97139,,,,162.68565,-3.0823708,157.2974,164.18346,-0.7177884,158.64473,,,,,,,156.29466,-3.1640193,151.48717,151.23514,1.3959062,146.85658,152.53616,-2.0952992,148.29459,151.23245,1.4162577,146.85991,123.84946,11.9680395,120.6535,156.13719,4.3131604,154.31973,,,,,,,159.96739,3.8963156,153.31842,,,,,,,152.93336,12.924768,150.60977,149.35472,5.631673,147.5146,146.18437,5.639617,140.69487,152.42545,10.2840605,149.88312,146.33685,10.884731,141.94913,145.74419,13.059532,142.30122,154.2956,7.4438868,150.9822,,,,,,
135,,,,163.10349,-0.15645571,158.19295,,,,,,,,,,164.30736,-0.74227655,157.64694,,,,161.52174,-1.2366654,151.3254,161.61465,-3.2655437,154.63263,,,,163.61394,-1.0576097,159.04004,,,,,,,159.04468,-3.9613996,155.40224,,,,162.67416,-3.132417,157.29543,164.21219,-0.7194076,158.67255,,,,,,,156.29466,-3.1640193,151.48717,151.23245,1.4162577,146.85991,152.78798,-2.152143,148.54565,151.23111,1.4263139,146.86154,129.791,11.556694,126.52798,156.9202,4.700125,155.13174,,,,,,,160.5492,3.7892947,153.42093,,,,,,,152.90681,12.88781,150.62433,149.52277,5.731802,147.68721,146.95224,5.7639737,141.43092,152.42494,10.283493,149.92209,146.46205,10.931043,141.95978,145.32204,13.116224,141.86734,154.2956,7.4438868,150.9822,,,,,,
136,,,,163.15947,-0.21723512,158.24942,,,,,,,,,,164.36905,-0.9775462,157.6986,,,,161.57065,-1.2923671,151.47383,161.68901,-3.3215835,154.70435,,,,163.78981,-1.0677879,159.21127,,,,,,,159.09122,-3.9625974,155.44772,,,,162.90706,-2.9229286,157.51944,164.23567,-0.7707072,158.69312,,,,,,,156.47725,-3.159629,151.54285,151.2667,1.1222452,146.93571,153.20377,-2.1281292,148.50195,151.2667,1.1222452,146.93571,133.41534,11.274954,129.86601,,,,,,,,,,160.55597,3.7857614,153.4264,,,,,,,152.75676,12.902387,150.51152,149.80391,5.7642026,147.95648,147.38121,5.8026943,141.84196,152.42323,10.357463,149.9565,146.96727,10.926355,142.4238,145.32237,13.113291,141.86696,154.75194,7.5201488,150.97519,,,,,,
137,,,,163.43935,-0.18619703,158.08394,,,,,,,,,,164.40068,-1.0105212,157.84975,,,,161.91484,-1.3240744,151.9381,161.70987,-3.4275906,154.83539,,,,163.79543,-1.066112,159.3458,,,,,,,159.23457,-3.95017,155.48108,,,,163.17007,-2.9367166,157.6784,164.28418,-0.8112289,158.85973,,,,,,,156.86832,-3.2616432,151.90382,-220.91527,-106.746864,-163.69127,153.30742,-1.9625314,148.6005,-220.91527,-106.746864,-163.69127,135.51407,11.187362,131.49673,,,,,,,158.0413,11.3995285,156.09177,160.67372,3.6847725,153.50912,,,,,,,152.7417,12.902513,150.49661,149.8275,5.677844,147.9953,147.51584,5.8377776,142.08592,152.41727,10.509352,150.13004,147.10223,10.924734,142.55516,146.2397,13.079211,142.7684,154.9228,7.517596,151.1423,,,,,,
138,,,,163.75241,-0.20715311,158.38747,,,,,,,,,,164.73764,-1.0337142,158.17247,,,,162.0045,-1.3432908,152.02037,161.78595,-3.4581523,154.89905,,,,163.89578,-1.0719732,159.44357,,,,,,,159.30603,-3.9582493,155.55092,,,,163.26851,-2.9343348,157.77345,164.5909,-1.035192,159.08632,,,,,,,157.06276,-3.2880037,152.08351,130.88354,-5.263781,126.863945,153.34889,-1.8914753,148.64702,130.88354,-5.263781,126.863945,135.85611,11.080569,131.65573,,,,,,,,,,160.67499,3.6751108,153.50732,,,,,,,152.7417,12.902513,150.49661,149.98701,5.6918397,148.17421,147.84901,5.861174,142.40662,152.32677,10.492245,150.04124,147.13878,10.908424,142.61423,145.74248,12.785306,142.30952,154.93723,7.517374,151.1564,,,,,,
139,,,,163.77574,-0.20513259,158.40996,,,,,,,,,,164.72787,-1.0259374,158.2107,,,,161.86552,-1.355619,152.29271,161.80399,-3.4075506,154.96326,,,,163.90562,-1.0624098,159.45285,,,,,,,159.36842,-4.0595865,155.61272,,,,163.32607,-3.1864974,157.74446,164.7122,-1.0635579,159.23743,,,,,,,157.18207,-3.2327354,152.19756,130.90306,-5.270871,126.84613,153.87596,-1.8394467,149.19711,130.90306,-5.270871,126.84613,140.23439,10.825322,135.94064,,,,,,,159.16556,11.356153,157.35416,160.65276,3.662887,153.53421,,,,,,,152.93256,12.87895,150.26862,150.18198,5.683856,148.50198,147.90549,5.865607,142.50626,152.41727,10.509352,150.13004,147.44121,10.864825,143.26305,146.87758,12.694965,143.013,154.98926,7.5230436,151.28789,,,,,,
140,,,,163.8444,-0.20904595,158.47652,,,,,,,,,,164.79817,-1.030026,158.27832,,,,162.09958,-1.3656588,152.59352,162.11288,-3.4190295,155.25916,,,,163.95999,-1.0674624,159.54585,,,,,,,159.3844,-4.0242434,155.62802,,,,163.3961,-3.1900575,157.81215,164.93011,-1.0766621,159.44847,165.55357,0.4694127,159.85153,,,,157.24467,-3.2343066,152.29898,133.95154,-4.434937,129.87431,153.90146,-1.8652906,149.21329,133.95154,-4.434937,129.87431,143.20848,10.149943,138.8723,157.48096,3.1961663,156.53326,,,,160.16106,11.32373,158.34279,160.71227,3.661444,153.59119,,,,,,,153.1571,12.877126,150.48997,150.32826,5.669924,148.64209,148.74065,6.129977,143.29759,152.52553,10.512513,149.99176,147.47417,10.887033,143.3325,146.88019,12.671703,143.00996,154.92215,7.23895,151.76337,,,,,,
141,,,,163.8413,-0.2101929,158.50908,,,,,,,,,,164.79904,-1.0355263,158.3117,,,,162.04367,-1.3509996,152.80038,162.21568,-3.3867252,155.38849,,,,,,,,,,,,,159.49237,-4.030731,155.77542,,,,163.3914,-3.193424,157.84433,,,,,,,,,,157.43192,-3.1963456,152.47897,137.77316,-3.3742144,133.64795,154.03711,-1.8946618,149.38159,137.77316,-3.3742144,133.64795,143.59106,10.104308,139.27379,157.95938,3.1884215,157.00937,,,,160.28099,11.349385,158.49716,160.78705,3.634638,153.68774,,,,,,,153.4012,12.972286,150.75209,150.50607,5.653596,148.81488,148.81572,5.8934407,143.40329,152.66586,10.567733,150.12833,147.47719,10.533035,143.39279,146.4492,12.933149,142.57556,155.12718,7.20914,151.96587,,,,,,
142,,,,163.971,-0.24571633,158.62515,,,,,,,,,,165.20975,-1.1013885,158.69719,,,,162.15976,-1.3816739,152.92387,162.38469,-3.3124902,155.54942,,,,,,,,,,,,,159.65402,-4.035312,155.93332,,,,163.45058,-3.4959645,157.89565,,,,,,,,,,157.63094,-3.2271295,152.66214,140.52165,-2.8804865,136.297,154.30733,-1.887559,149.64351,140.52165,-2.8804865,136.297,143.80234,10.302005,139.53694,158.62291,4.1954947,157.0903,,,,160.47336,11.516041,158.67845,,,,,,,,,,153.52515,12.972789,151.15886,151.04181,5.628045,148.81613,149.06549,5.832262,143.63692,152.7469,10.767358,150.218,147.44945,10.549044,143.63046,146.33907,12.931347,142.7027,155.56201,7.4433017,151.90826,,,,,,
143,,,,,,,,,,,,,,,,165.2046,-1.2410585,158.69647,,,,162.3247,-1.3175154,153.15953,162.45692,-3.2733111,155.61888,,,,,,,,,,,,,159.67488,-4.0341625,155.95428,,,,163.74025,-3.5709922,158.17656,,,,,,,,,,157.6969,-3.1712391,152.72536,141.54198,-2.5741692,137.29396,154.47124,-2.0527198,149.79419,141.54198,-2.5741692,137.29396,144.54366,10.296628,140.2674,158.71848,4.1952443,157.10634,,,,161.16795,11.550176,159.36598,,,,,,,160.73027,12.125467,155.679,153.57686,12.96697,151.21011,151.09135,5.6237946,148.7902,149.46844,5.847772,144.02519,152.92827,10.796845,150.39587,147.55734,10.89593,143.82666,146.72084,12.913319,143.3796,155.67645,7.4152474,152.02129,,,,,,
144,,,,164.34027,-0.23610319,158.96944,,,,,,,,,,165.28967,-1.2951684,158.7533,,,,162.29784,-1.3578553,153.3301,162.75278,-3.2380133,155.90155,,,,,,,,,,,,,159.72221,-3.9628298,156.02473,,,,163.79099,-3.6060553,158.20807,,,,,,,,,,157.77141,-3.203902,152.787,145.1289,-1.7195393,140.78467,154.62724,-2.0491645,149.9418,145.1289,-1.7195393,140.78467,145.98053,10.727976,140.78424,158.75699,4.2234507,157.144,,,,161.39432,11.526877,159.5872,,,,,,,160.86488,11.83637,155.70732,153.62141,12.941495,151.24843,151.19615,5.6320252,148.89331,149.90454,5.880731,144.42912,152.95964,10.787109,150.43243,147.53096,10.667598,144.07693,147.12318,12.967767,143.82452,155.50862,7.196205,152.33052,,,,,,
145,,,,,,,,,,,,,,,,165.47476,-1.2897265,158.93086,,,,162.51715,-1.3860816,153.56085,162.96147,-3.1864681,156.10074,,,,,,,,,,157.29987,-2.5409453,156.6432,159.976,-3.9230902,156.27846,,,,163.85966,-3.5492997,158.27347,,,,,,,,,,157.8838,-3.2163584,152.92958,145.81201,-1.5852696,141.44992,155.03754,-1.816583,150.33627,145.81201,-1.5852696,141.44992,146.42532,10.705251,140.88455,,,,,,,162.30179,11.446499,160.49968,,,,,,,161.02478,11.837872,155.53587,153.73445,13.065699,151.35583,151.24902,5.5329604,148.92542,150.20752,5.894363,144.721,152.99919,10.722774,150.47443,148.15207,10.668051,144.95932,147.33208,12.926915,144.0315,155.782,7.204981,152.59048,,,,,,
146,,,,164.53406,-0.2972839,159.15907,,,,,,,,,,165.52798,-1.1531441,158.97781,,,,162.52112,-1.3862174,153.5646,163.05147,-3.1633542,156.19597,,,,,,,,,,,,,159.96996,-3.952067,156.27357,,,,164.16685,-3.4311638,158.56807,,,,,,,,,,157.8838,-3.2163584,152.92958,145.47455,-1.8072109,141.11833,155.28479,-1.807741,150.53111,145.47455,-1.8072109,141.11833,146.72528,10.713515,141.1749,,,,,,,162.63779,11.601865,160.82614,,,,,,,161.02809,11.853272,155.53845,153.65334,13.071059,151.27556,151.22775,5.5132937,148.90115,150.39728,5.94594,144.90294,153.0737,10.722502,150.54785,148.32594,10.728502,145.1677,147.55997,12.883237,144.25719,155.90933,7.201231,152.7548,,,,,,
147,,,,,,,,,,,,,,,,165.76666,-1.1482003,159.20685,,,,162.65796,-1.1449811,153.69142,163.3948,-3.199912,156.5159,,,,,,,,,,,,,160.02188,-3.9652355,156.33376,,,,164.40535,-3.393578,158.79765,,,,,,,,,,157.9244,-3.2070537,152.96877,146.21695,-1.497541,141.84428,155.3504,-1.8432429,150.59537,146.21695,-1.497541,141.84428,147.09772,10.742388,141.53189,,,,,,,163.13754,11.523468,161.32538,,,,,,,161.09967,11.962875,155.60333,153.66347,12.967102,151.26237,151.06606,5.1048517,148.74754,150.49374,5.974926,144.99539,153.11359,10.86006,150.5832,148.41138,10.887714,145.2469,147.56796,12.945785,144.26909,155.94539,7.0980306,152.7945,,,,,,
148,,,,,,,,,,,,,,,,165.87401,-1.150352,159.31146,,,,162.87323,-0.58623576,153.93512,163.45813,-3.2554457,156.57726,,,,,,,,,,,,,160.1338,-3.9940107,156.44328,,,,164.4319,-3.3889046,158.82385,,,,,,,,,,158.0588,-3.2161014,153.1,146.24167,-1.6262575,141.86833,155.84175,-1.8195624,151.07112,146.24167,-1.6262575,141.86833,147.47365,10.749388,141.89426,,,,,,,163.38426,11.489549,161.57158,,,,,,,161.0948,11.940104,155.59956,153.39026,12.969875,150.99251,151.11507,5.224976,148.79402,150.56567,5.9850535,145.0666,153.11633,10.860047,150.5859,148.52522,10.995983,145.38536,147.31836,12.915203,144.02617,156.3819,7.0984626,153.22644,,,,,,
149,,,,,,,,,,,,,,,,165.87401,-1.150352,159.31146,,,,162.90097,-0.58731544,153.96136,163.55765,-3.2872584,156.6453,,,,,,,,,,,,,160.53758,-4.0234904,156.83168,,,,164.6487,-3.4013038,159.03976,,,,,,,,,,158.77304,-2.9450169,153.7878,146.57227,-1.6066808,142.18945,155.85417,-1.8195822,151.08316,146.57227,-1.6066808,142.18945,147.66953,10.876067,142.08041,,,,163.21933,9.336818,160.89233,163.58582,11.511179,161.76392,161.72574,3.1903222,154.51419,,,,161.17932,11.96663,155.68222,153.25,12.822082,151.14767,151.06992,5.1135063,148.74654,150.88977,6.050821,145.37929,153.42564,11.021239,150.88585,148.89757,11.176281,145.74368,147.2708,12.9162655,143.97943,,,,,,,,,
150,,,,,,,,,,,,,,,,165.90625,-1.152834,159.35663,,,,163.27548,-0.6012174,154.29208,163.60124,-3.1599991,156.70079,,,,,,,,,,,,,160.88306,-4.035532,157.1692,,,,164.74792,-3.411225,159.13574,,,,,,,,,,158.87563,-2.8993037,153.89009,146.4798,-1.6677117,142.09863,155.88834,-1.8425376,151.12033,146.4798,-1.6677117,142.09863,147.83551,10.984764,142.25859,159.6038,3.7243395,158.80913,163.47272,9.171706,161.14853,163.97998,11.49321,162.15564,161.836,3.1443799,154.59299,,,,161.10316,12.025187,155.62465,153.23415,12.754711,151.13383,151.02003,5.1080356,148.69748,151.25381,6.062166,145.74767,153.30183,11.002172,151.04613,149.20494,11.067437,145.98335,147.32687,13.135864,144.02988,156.63708,6.9422646,153.48187,,,,,,
151,,,,,,,,,,,,,,,,165.90625,-1.152834,159.35663,,,,163.46848,-0.5992502,154.24483,163.76564,-3.12123,156.85759,,,,,,,,,,,,,160.91165,-4.0342894,157.19789,,,,164.77432,-3.4149716,159.20532,,,,,,,,,,158.9959,-2.9023907,154.00659,148.38371,-1.2869384,143.91797,156.09236,-1.843136,151.31807,148.38371,-1.2869384,143.91797,147.8591,10.965108,142.27655,159.6163,3.7238445,158.82158,163.57965,9.155029,161.25125,164.19281,11.465363,162.36258,162.17325,3.150442,154.3356,160.96974,9.755842,156.91463,161.18906,12.019671,155.70233,153.11795,12.726634,151.30064,150.87453,5.0998325,148.55307,151.59325,5.950847,146.0758,153.16856,10.89255,151.24875,149.84174,11.003625,146.2979,147.32687,13.135864,144.02988,,,,,,,,,
152,,,,165.26231,-0.33754337,159.91042,,,,,,,,,,166.22772,-1.1953988,159.66666,,,,163.68292,-0.61249703,154.38603,163.76724,-3.1328354,156.85522,,,,,,,,,,,,,161.00143,-4.0375514,157.2856,,,,164.92276,-3.4191,159.34875,,,,,,,,,,159.12666,-2.9042425,154.092,149.33972,-1.1458422,144.56795,156.20221,-1.8290948,151.38374,149.33972,-1.1458422,144.56795,148.62259,10.979985,143.0113,159.77098,3.5779748,158.97926,,,,164.36568,11.515376,162.52971,162.21198,3.1378229,154.36908,160.96303,9.702242,156.91031,161.187,12.039311,155.70529,153.3266,12.786463,151.5216,150.96263,5.089076,148.63649,152.03705,5.949232,146.50023,153.32806,10.911834,151.39763,150.47787,10.986897,146.64064,147.97305,12.642176,144.6435,,,,,,,,,
153,,,,165.48198,-0.35497266,160.12216,,,,,,,,,,166.37253,-1.2085315,159.80464,,,,163.75995,-0.6226559,154.45654,163.76338,-3.0797362,156.90439,,,,,,,,,,157.42749,-2.762261,157.07654,161.13177,-3.8543704,157.44536,,,,165.13985,-3.3742785,159.565,,,,,,,,,,159.21625,-2.9011378,153.96745,150.21301,-1.0598947,145.13344,156.36185,-1.8282765,151.33044,150.21068,-1.0413905,145.13628,148.61253,9.83826,143.98946,159.72476,3.654455,158.79846,163.69778,9.239756,161.35515,164.39531,11.555403,162.54979,162.38509,3.102068,154.52359,161.00696,9.89681,157.04878,160.76704,12.051372,155.68657,153.32848,12.786048,151.53374,150.9089,4.974689,148.61494,152.49821,5.9400806,146.98676,153.40236,10.886003,151.4652,151.1048,10.890719,147.2297,149.00682,12.54472,145.6603,,,,,,,,,
154,,,,165.49992,-0.37039202,160.1382,,,,,,,,,,166.45753,-1.1916877,159.88576,,,,164.05667,-0.6203446,154.5098,163.97945,-3.0665407,157.10783,,,,,,,,,,157.4759,-2.7181194,157.04085,161.20844,-3.810517,157.52089,,,,165.33997,-3.3529751,159.75789,,,,,,,,,,159.3102,-2.9020119,154.01573,150.45065,-1.0088954,145.35739,156.56454,-1.8002019,151.48418,150.43687,-0.8986512,145.37411,148.61421,9.838254,143.99107,159.74345,3.632966,158.7401,163.7202,9.216371,161.37144,164.38864,11.626101,162.56851,162.4037,3.108473,154.54424,161.01688,9.896458,157.0585,160.59967,12.082293,155.88762,153.38571,12.757492,151.5841,150.64005,4.8593206,148.90746,152.50018,5.504786,146.9798,153.44878,10.83704,151.48651,151.24252,10.719727,147.31564,150.10594,12.532969,146.73909,156.92857,7.1101546,153.78352,,,,,,
155,,,,165.50992,-0.369858,160.12288,,,,,,,,,,166.44861,-1.2109287,159.90985,,,,164.11623,-0.62459564,154.5628,164.00752,-2.9571064,157.17209,,,,,,,,,,157.58463,-2.7097921,156.95316,161.21492,-3.8056753,157.51471,,,,165.34882,-3.0977752,159.82805,,,,,,,,,,159.36374,-2.8442879,154.04791,150.49986,-1.5158361,145.13362,156.81018,-1.7953686,151.70027,150.4856,-1.3989965,145.15096,148.96663,10.318537,144.30772,,,,163.74776,9.203643,161.38293,164.28734,11.637914,162.73776,162.5232,2.8516083,154.57744,,,,,,,153.37871,12.675985,151.59323,150.92035,4.7694855,149.1719,152.7367,5.3094597,147.18639,153.45782,10.660751,151.48311,152.53389,10.661124,148.26509,150.35446,12.515712,146.74928,,,,,,,,,
156,,,,165.77556,-0.35618052,160.38263,,,,,,,,,,166.71028,-1.1725485,160.16296,,,,164.1497,-0.58291984,154.55254,164.32346,-3.045874,157.43027,,,,,,,,,,157.6594,-2.6999035,157.03114,161.77449,-3.803826,158.06941,,,,165.36331,-3.0597508,159.8511,,,,,,,,,,159.29549,-3.2749727,153.98987,150.76215,-1.49674,145.38164,157.10687,-1.7597349,151.98949,150.76183,-1.4941227,145.38203,149.18756,10.5804205,144.58972,159.9538,4.04389,158.9343,163.75584,9.244277,161.38942,164.27463,11.606166,162.73799,162.82614,3.1346111,154.97462,160.93382,9.840958,156.9878,160.46634,12.0801115,156.07768,153.38025,12.640801,151.61108,151.10338,4.773839,149.35283,152.91632,5.286586,147.35919,153.55934,10.641208,151.61421,152.71835,10.642891,148.44067,151.81168,12.5583515,148.18979,157.16112,7.0603886,153.99754,,,,,,
157,,,,166.03627,-0.36729524,160.67442,,,,,,,,,,167.04237,-1.1700333,160.26714,,,,164.7096,-0.71392846,155.04657,164.57564,-2.9738011,157.70067,,,,,,,,,,157.71304,-2.6288488,157.08447,161.78113,-3.8055751,158.10658,,,,165.57303,-3.0742128,160.09825,166.74115,-0.9165732,161.03896,,,,,,,159.3063,-3.298196,154.04317,150.76215,-1.49674,145.38164,157.3807,-1.765201,152.29648,150.76183,-1.4941227,145.38203,149.37447,10.696067,144.80504,160.46751,3.1516147,159.32782,163.94905,9.2324705,161.66812,164.28172,11.631782,162.74387,162.9726,3.083037,155.12318,160.97711,9.801064,157.09407,,,,153.23041,12.58756,151.68648,151.2689,4.746943,149.53859,153.09181,5.205328,147.54675,,,,153.54417,10.547622,149.24963,152.3843,12.525271,148.75177,157.43163,6.9518814,154.2815,,,,,,
158,,,,166.14413,-0.3597275,160.75107,,,,,,,,,,166.99098,-1.1749618,160.43266,,,,164.78615,-0.7250904,154.97874,164.82748,-2.9554508,157.40294,,,,,,,,,,157.75075,-2.675054,157.34036,161.82974,-3.8061085,158.12341,,,,165.84038,-3.0886533,160.33185,166.77911,-0.91582215,161.05687,,,,,,,159.75656,-3.344475,154.4548,151.64426,-1.4100242,146.22841,157.85648,-1.7920167,152.73347,151.64426,-1.4100242,146.22841,149.33365,10.688517,145.35765,160.56454,3.497159,159.41394,,,,,,,163.00093,3.034665,155.18407,,,,,,,153.34938,12.749683,151.77553,151.27046,4.3532023,149.51938,153.39838,5.1369243,147.84326,,,,153.62373,10.546216,149.37,152.31978,12.522278,148.96136,,,,,,,,,
159,,,,166.18674,-0.36252275,160.79239,,,,,,,,,,167.10728,-1.1826729,160.54462,,,,164.84125,-0.7698455,154.97873,164.89801,-2.968411,157.4104,,,,,,,,,,,,,161.832,-3.8229568,158.12012,,,,165.99011,-3.1283076,160.49622,166.95854,-0.9573821,161.22035,,,,,,,159.7874,-3.3452985,154.48462,152.1385,-1.4107313,146.69064,157.87741,-1.8338674,152.74564,152.1385,-1.4107313,146.69064,149.49352,10.531889,145.5225,161.19138,3.592656,160.03429,,,,164.30788,11.379273,162.73479,162.98639,2.921656,155.16646,,,,,,,153.48698,12.471601,151.84052,151.44986,4.379213,149.72395,153.4915,5.1163683,147.93643,,,,154.14192,10.841035,149.94254,152.53566,12.478837,149.16353,158.0872,6.762409,154.8582,,,,,,
160,,,,166.26793,-0.3974513,160.86838,,,,,,,,,,167.14073,-1.2177129,160.59445,,,,164.91003,-0.7830735,154.97467,164.97766,-3.0096781,157.46706,,,,,,,,,,158.10939,-2.5836794,157.89598,161.84488,-3.8040302,158.11816,,,,166.02834,-3.155254,160.53157,167.14246,-0.9722048,161.39468,,,,,,,160.53421,-3.3838518,155.20122,152.48676,-0.8683995,147.03087,157.93881,-1.8890766,152.80315,152.48676,-0.8683995,147.03087,149.75226,10.350799,145.78488,161.26216,3.5909324,160.06725,,,,,,,162.98355,2.9435713,155.17062,160.65862,9.734814,157.39087,160.20114,11.257876,157.56206,153.52635,12.471391,151.84651,151.46158,4.379206,149.75725,153.60306,5.0436115,148.0488,,,,154.37015,10.837762,150.21953,152.64937,12.421427,149.26189,158.52336,6.7351,155.29167,,,,,,
161,,,,166.29036,-0.44637305,160.89177,,,,,,,,,,167.31647,-1.2861995,160.76535,,,,164.952,-0.84920573,155.07983,165.02907,-3.0502112,157.53668,,,,166.68326,-1.0392939,161.6192,,,,158.10661,-2.5838835,157.89992,161.91946,-3.6912575,158.19014,,,,166.09526,-3.2133694,160.60332,167.3384,-0.9939355,161.58128,,,,,,,160.65964,-2.9822967,155.31622,152.3371,-0.88764644,146.88461,157.97394,-1.8924699,152.83717,152.3371,-0.88764644,146.88461,149.9668,10.3413515,145.99246,161.25105,3.4329076,160.0366,,,,,,,163.06393,2.9276748,155.27614,160.8199,9.726763,157.54921,160.21005,11.234175,157.53813,153.59619,12.466064,151.91492,151.46315,4.3547063,149.95561,153.77914,4.977079,148.2224,,,,154.97124,10.826944,151.03635,153.382,12.45006,149.97523,158.5482,6.699248,155.31743,,,,,,
162,,,,166.3535,-0.45884162,160.94359,,,,,,,,,,167.33649,-1.3511908,160.79556,,,,165.31665,-0.89138985,155.3807,165.42976,-3.1256232,157.89182,,,,,,,,,,158.18169,-2.5902174,157.99773,162.0096,-3.712351,158.27206,,,,166.21916,-3.2245717,160.68327,,,,,,,,,,160.75237,-2.9853685,155.39967,152.50713,-0.92006606,147.03532,158.21886,-1.9404917,153.06885,152.50713,-0.92006606,147.03532,150.18642,10.339144,146.1951,161.27914,3.7844574,160.14624,,,,164.49033,11.380283,162.24904,163.18488,2.9292502,155.35844,160.84264,9.734244,157.5266,160.10258,11.276891,157.47668,153.99991,12.350553,152.3148,151.9925,4.2410727,150.4588,153.89171,4.887632,148.31303,,,,155.11177,10.795825,151.12885,153.95714,12.56267,150.52911,159.04958,6.6827297,155.80997,,,,,,
163,,,,166.56552,-0.4828556,161.14572,,,,,,,,,,167.48877,-1.3778446,160.9397,,,,165.38351,-0.90756017,155.43948,165.63559,-3.185927,158.08705,,,,,,,,,,158.28554,-2.6056733,158.1217,162.0864,-3.6944492,158.37576,,,,166.2514,-3.261492,160.73483,,,,,,,,,,160.81961,-2.9136212,155.4895,152.50713,-0.92006606,147.03532,158.32085,-1.9534972,153.164,152.50627,-0.91332126,147.03638,149.99069,9.861489,146.47284,161.24542,3.8726103,160.16959,,,,164.48386,11.482152,162.23784,163.52489,2.9132164,155.68289,160.85544,9.761139,157.53804,160.10106,11.276869,157.47888,,,,152.1663,4.3114915,150.633,154.43614,4.892621,148.83786,,,,155.25543,10.615675,151.26642,154.07695,12.505205,150.63342,158.96724,6.6600847,156.08986,,,,,,
164,,,,166.60614,-0.49914584,161.17284,,,,,,,,,,167.60648,-1.4847367,161.07307,,,,165.60304,-0.9768859,155.65572,165.61197,-3.2798376,158.08447,,,,,,,,,,158.31523,-2.6487632,158.1414,162.08421,-3.717404,158.382,,,,166.43384,-3.1619008,160.87802,,,,,,,,,,160.77994,-3.2547705,155.46683,153.41318,-1.1705859,147.92003,158.31055,-2.2503998,153.16875,153.41234,-1.1638037,147.92108,150.6163,9.727819,147.12265,161.2392,3.8463757,160.16385,164.10562,9.112402,162.28233,,,,163.56165,2.9493957,155.7426,161.1499,9.731335,157.82388,160.10106,11.276869,157.47888,,,,152.46053,4.31444,150.92435,154.68317,4.8759108,149.0894,,,,155.4772,10.547156,151.44048,154.37898,12.593082,150.94766,159.01724,6.55112,156.14299,159.98111,1.9361895,151.66125,,,
165,,,,166.71158,-0.50808793,161.31322,,,,,,,,,,167.60239,-1.5051563,161.08253,,,,165.67146,-0.9802726,155.72008,165.66489,-3.2778072,158.15675,,,,,,,,,,158.37337,-2.6746306,158.19957,162.08087,-3.7460897,158.65207,,,,166.49612,-3.3792517,160.89754,,,,,,,,,,161.16402,-3.314195,155.84506,153.42441,-1.2336286,147.94621,158.36351,-2.3055525,153.25085,153.42325,-1.2241814,147.94768,150.70914,9.726703,147.21722,161.13757,3.4180644,160.0767,164.10524,9.110477,162.28204,164.48657,11.673979,162.297,163.72824,2.8693933,155.89575,161.21848,9.727748,157.92937,160.19627,11.368945,157.61061,154.08673,11.932856,152.39267,152.48404,4.3142977,150.96591,154.79747,4.867134,149.20868,,,,156.311,10.576487,152.27545,155.81253,12.707226,152.37471,159.32039,6.695878,156.49425,,,,,,
166,,,,166.7398,-0.50999737,161.34058,,,,,,,,,,167.71622,-1.533653,161.16446,,,,165.78603,-0.9404547,155.7982,165.73245,-3.3947167,158.77,,,,,,,,,,158.39151,-2.7809317,158.1859,162.08163,-3.842935,158.98401,,,,166.62427,-3.2042727,161.05191,,,,,,,,,,161.45404,-3.3383892,156.18436,153.49622,-1.3224244,147.98782,158.38861,-2.3870177,153.23535,153.49242,-1.2914057,147.99269,151.45651,9.71088,148.18105,161.28607,3.4132802,160.19376,164.05792,9.012603,162.2042,164.39044,11.58286,162.79465,163.8576,2.8526456,156.01642,161.57915,9.710371,158.2449,160.61038,11.181998,157.9569,153.79034,11.756768,152.1311,152.58025,4.5033655,151.09319,155.05965,4.7785354,149.45111,,,,156.89044,10.632118,152.83615,155.93547,12.755567,152.46396,159.72035,6.6820674,156.88812,,,,,,
167,,,,167.03322,-0.60568166,161.61688,,,,,,,,,,167.77866,-1.517156,161.25223,,,,165.97643,-1.0128783,155.97745,165.91211,-3.4369075,158.9997,,,,,,,,,,158.44899,-2.8421345,158.27298,162.10065,-3.8368855,159.0566,,,,166.63976,-3.396246,161.03595,,,,,,,,,,161.4419,-3.3951962,156.35753,153.5091,-1.3215556,148.01875,158.50984,-2.3905826,153.38275,153.50562,-1.2931998,148.0232,151.54437,9.70972,148.26741,161.31932,3.4254909,160.28033,164.05875,9.112575,162.24725,,,,163.91461,2.8457341,156.07086,161.63148,9.674876,158.3258,160.79115,11.181067,157.85294,153.68959,11.747927,152.02827,152.7022,4.5692554,151.22156,155.22533,4.7809196,149.62227,,,,157.66284,10.505001,153.58662,156.64148,12.701261,153.17677,159.78682,6.67972,156.95358,160.29163,1.885243,151.9462,,,
168,,,,167.07819,-0.66731876,161.69215,,,,,,,,,,167.96397,-1.517021,161.41454,,,,166.3105,-1.1558242,156.21115,165.92949,-3.545986,159.01784,,,,,,,,,,158.48491,-2.750687,158.30827,162.38635,-3.9497738,159.36096,,,,167.00397,-3.4468935,161.36763,,,,,,,,,,161.45181,-3.322633,156.40656,153.54706,-1.193745,148.04568,158.82004,-2.30631,153.6737,153.54706,-1.193745,148.04568,151.60733,9.656613,148.32925,161.32779,3.4415662,160.29333,,,,,,,163.95877,2.8288589,156.02457,161.68379,9.678411,158.33273,160.7952,11.103762,157.85866,153.52353,11.742682,152.07356,152.9565,4.570035,151.49185,155.50034,4.7902308,149.87834,,,,158.24297,10.372054,154.17519,157.22842,12.732083,153.75075,159.81082,6.686968,156.97694,160.78871,1.8454307,152.41853,,,
169,,,,,,,,,,,,,,,,168.16785,-1.4573257,161.61015,,,,166.37807,-1.1747043,156.26976,165.99605,-3.4486945,159.07718,,,,,,,,,,158.6212,-2.803982,158.44633,162.6595,-3.9295845,159.8388,,,,166.95076,-3.6591136,161.32443,,,,,,,,,,161.43578,-3.363814,156.41551,153.60487,-1.28911,148.10512,158.92339,-2.4058912,153.77689,153.60487,-1.28911,148.10512,151.8058,9.678943,148.28073,161.52528,3.8510602,160.50006,163.99586,9.002137,162.20845,,,,164.34282,2.6449215,155.73914,161.82263,9.640136,158.46164,160.96689,11.121431,157.9603,153.45886,11.617535,152.08324,153.11906,4.500752,151.86407,155.82555,4.8120337,150.19104,,,,158.40085,10.363855,154.52267,157.49472,12.743837,154.01761,159.8906,6.528374,157.01573,161.0002,1.8395683,152.5855,,,
170,,,,,,,,,,,,,,,,168.21376,-1.5575047,161.65337,,,,166.34811,-1.2285714,156.28247,166.19753,-3.4795868,159.26389,,,,,,,,,,158.83034,-2.7962544,158.69092,162.64671,-4.027486,159.82703,,,,166.91391,-3.8163393,161.29124,,,,,,,,,,161.57419,-3.3370755,156.54927,153.8193,-1.179393,148.31299,159.02174,-2.4203784,153.87003,153.8193,-1.179393,148.31299,152.0239,9.697896,148.50102,161.70355,3.843147,160.68428,164.0459,8.880382,162.2088,,,,164.56909,2.651378,155.93178,162.03326,9.598725,158.6599,161.17345,11.098842,158.16492,153.34546,11.762852,152.29631,153.24051,4.576114,151.99484,156.06561,4.887628,150.4277,,,,158.60399,10.386653,154.78664,158.36494,12.808487,154.87233,159.99838,6.5385585,157.10742,161.20349,1.7569766,152.77934,,,
171,,,,,,,,,,,,,,,,168.23451,-1.6121451,161.67484,,,,166.43349,-1.326869,156.359,166.31894,-3.5534503,159.38124,,,,,,,,,,159.02412,-2.8198516,158.91028,162.95964,-4.0991673,160.23141,,,,167.10924,-3.8634472,161.47067,,,,,,,,,,161.64503,-3.3640046,156.6099,153.9531,-1.1716181,148.44206,159.104,-2.515997,153.95084,153.9531,-1.1716181,148.44206,152.54497,9.721463,149.02437,161.7229,3.8438663,160.72227,164.05927,8.879669,162.22209,,,,164.98337,2.6347497,156.30049,162.34908,9.607285,158.97672,161.32664,11.079598,158.10556,153.089,11.736375,152.04555,153.2104,4.582366,151.7852,156.08418,4.92933,150.47176,,,,158.76817,10.4327345,154.97601,158.54576,12.765727,155.0598,160.18513,6.6471157,157.28253,161.21437,1.7669979,152.79286,,,
172,,,,,,,,,,,,,,,,168.4244,-1.6757667,161.84795,,,,166.53137,-1.3988458,156.40932,166.4245,-3.5128808,159.45415,,,,,,,,,,159.1508,-2.8444839,159.04202,163.06558,-4.2020073,160.31406,,,,167.1515,-3.8658223,161.50507,,,,,,,,,,161.90848,-3.4230323,156.56271,154.54932,-1.2557185,149.0104,159.10663,-2.5158215,153.9472,154.54932,-1.2557185,149.0104,152.72797,10.16595,149.67723,161.95744,3.5025077,160.95555,164.05719,8.846457,162.21022,,,,165.15402,2.694264,156.46008,162.75827,9.4970665,159.38208,161.76138,11.023251,158.47676,153.33664,11.750204,152.30116,153.5717,4.6594243,152.1421,156.11865,4.9217024,151.0417,153.70776,10.316978,152.24522,159.26051,10.363029,155.47177,159.04587,12.759758,155.54588,160.21693,6.6781693,157.24538,161.32295,1.7269797,152.8595,,,
173,,,,,,,,,,,,,,,,168.50064,-1.6868978,161.95462,,,,166.69438,-1.5079066,156.55478,166.4448,-3.4758458,159.48894,,,,,,,,,,159.24794,-2.922479,159.11041,163.12039,-4.1657844,160.3129,,,,167.2387,-3.8714776,161.58936,,,,,,,,,,162.27913,-3.4745464,156.87732,154.55846,-1.2652363,149.04842,159.35979,-2.597048,154.1837,154.55846,-1.2652363,149.04842,153.00778,10.182807,150.15428,162.00311,3.5355158,160.977,164.49013,9.021025,162.0088,,,,165.18643,2.6915848,156.51459,162.98549,9.464667,159.59952,161.82149,11.034208,158.47362,153.43605,11.726787,152.39003,153.60284,4.6837893,152.14589,156.51646,4.929113,151.42664,153.70892,10.282044,152.2373,159.45515,10.723538,155.77979,159.04735,12.743974,155.56404,160.3417,6.6497054,157.1504,,,,,,
174,,,,,,,,,,,,,,,,168.53276,-1.7590058,162.19366,,,,166.76129,-1.507391,156.5348,166.84901,-3.5384429,159.8991,,,,,,,,,,159.38487,-2.9402971,159.21124,163.12039,-4.1657844,160.3129,,,,167.36717,-3.7708757,161.692,,,,,,,,,,162.33876,-3.5030465,156.84451,154.49211,-1.252023,149.17854,159.41515,-2.5483828,154.1576,154.49211,-1.252023,149.17854,153.03494,10.181582,150.18834,162.0911,3.5014386,160.99413,164.51494,9.131259,162.04605,164.71538,11.365725,162.41104,,,,163.60193,9.713566,160.1093,162.14854,11.020619,158.79568,153.45705,11.783849,152.36255,153.97885,4.7856426,152.45457,156.75003,4.9331436,151.65265,153.76114,10.26842,152.22449,159.77136,10.703316,156.01096,159.62889,12.719267,156.05638,160.36356,6.647206,157.12709,,,,,,
175,,,,,,,,,,,,,,,,168.55244,-1.7654587,162.20018,,,,166.78647,-1.5087173,156.55844,166.8281,-3.6100745,159.9342,,,,,,,,,,159.52779,-2.9377651,159.35399,163.14282,-4.1623,160.32379,,,,167.60948,-3.7836273,161.92719,,,,,,,,,,162.41068,-3.538711,156.90309,154.5264,-1.2819188,149.20297,159.56053,-2.4731266,154.29715,154.5264,-1.2819188,149.20297,153.22055,10.202625,150.37007,162.54712,3.4810722,161.44746,164.5207,9.164034,162.061,164.6902,11.333993,162.37744,,,,163.81836,9.703184,160.32219,162.31802,10.96865,158.95435,153.45705,11.783849,152.36255,154.16881,4.80244,152.64742,156.76474,4.9828696,151.66632,153.83044,10.230218,152.30214,159.88692,10.641368,156.1259,159.86618,12.663333,156.2825,160.46442,6.616186,157.14307,,,,,,
176,,,,,,,,,,,,,,,,168.8059,-1.9277711,162.44841,,,,166.7808,-1.5331897,156.55551,166.82755,-3.5864768,159.9501,,,,,,,,,,159.60057,-2.9718678,159.43874,163.1689,-4.162053,160.34941,,,,,,,,,,,,,,,,162.59236,-3.5171292,157.0783,154.71164,-1.2741547,149.3819,159.78198,-2.49077,154.50053,154.71164,-1.2741547,149.3819,153.68213,10.268824,150.6864,162.61745,3.4778686,161.5174,164.49658,9.320929,162.19563,164.64502,11.336232,162.33264,,,,164.2199,9.6469345,160.70816,162.9515,10.922861,159.5791,153.61745,11.681938,152.41554,154.3328,4.8202767,152.80957,156.77802,4.9827247,151.67917,153.98108,10.35422,152.36284,160.01686,10.637797,156.25316,160.1332,12.656503,156.54443,160.62401,6.376062,157.29784,,,,,,
177,,,,,,,,,,,,,,,,169.0048,-1.829028,162.60115,,,,166.8813,-1.5919374,156.8299,166.81645,-3.5578234,160.05038,,,,,,,,,,159.75493,-2.9728506,159.49603,163.38412,-4.1692457,160.4883,,,,,,,,,,,,,,,,162.5379,-3.5131502,157.22389,154.8511,-1.1282785,149.48454,159.79312,-2.478212,154.51111,154.8511,-1.1282785,149.48454,153.82439,10.227619,150.81593,162.59326,3.6103551,161.68335,164.82196,9.303695,162.52438,164.35655,11.314493,162.25453,165.71353,2.5440037,157.1864,164.4661,9.63829,160.95013,163.05623,10.9126425,159.6825,153.73209,11.803181,152.32903,154.58568,4.809161,152.6743,156.95192,5.0691657,151.84015,154.03932,10.353492,152.41235,160.01279,10.750328,156.27011,160.05228,12.654834,156.65973,160.79926,6.38106,157.08673,,,,,,
178,,,,,,,,,,,,,,,,,,,,,,167.07713,-1.5849624,157.06305,166.95454,-3.6624758,160.19366,,,,,,,,,,159.85493,-2.9494889,159.57733,163.57776,-4.169904,160.67847,,,,,,,,,,,,,,,,162.54436,-3.5788968,157.21446,155.05722,-1.1487095,149.67589,160.12744,-2.3097765,154.88153,155.05722,-1.1487095,149.67589,153.84467,9.840823,150.85281,162.77783,3.5352523,161.86798,164.93323,9.297797,162.63464,164.37704,11.105171,162.22104,,,,164.9482,9.611491,161.37404,164.00735,10.803094,160.6013,153.74823,11.756245,152.28267,154.7021,4.793091,152.78957,156.98814,5.0563054,151.78159,154.15208,10.135155,152.34671,159.9631,10.7881155,156.2204,160.05717,12.585531,156.65015,161.01715,6.352853,157.28009,,,,,,
179,,,,,,,,,,,,,,,,,,,,,,167.28014,-1.664329,157.29247,167.47798,-3.690468,160.69778,,,,,,,,,,160.09996,-2.970333,159.81822,163.84113,-4.1382217,160.938,,,,,,,,,,,,,,,,162.86075,-3.594383,157.6076,155.13914,-1.0436921,149.74557,160.28499,-2.247164,155.09491,155.13914,-1.0436921,149.74557,154.09973,8.765323,151.12398,162.78033,3.4848394,161.89995,165.10732,8.9746895,162.72307,164.11816,10.917457,162.60004,,,,164.9924,9.443235,161.27693,164.23747,10.720026,160.75774,153.98027,11.674725,152.42589,154.88069,4.7972713,152.90715,157.23102,5.0538564,152.00066,154.18784,10.024288,152.3037,159.94775,10.796412,156.24655,160.0442,12.497158,156.61688,161.1605,6.3037295,157.32365,,,,,,
180,,,,,,,,,,,,,,,,169.15579,-1.7620257,162.77354,,,,167.27081,-1.5999366,157.33482,167.57106,-3.6759443,160.9063,,,,,,,,,,160.19843,-2.9916317,159.8822,164.02567,-4.148168,161.11932,,,,,,,,,,,,,,,,162.82129,-3.5994546,157.71196,155.40178,-1.0042828,150.07533,160.31429,-2.2088943,155.1363,155.40178,-1.0042828,150.07533,,,,162.72694,3.6082077,162.06387,164.29327,8.487127,163.9178,164.09184,10.295879,163.10962,,,,164.9024,9.288896,161.35156,164.79674,10.67597,161.28589,154.02785,11.267663,152.30536,154.9525,4.938422,152.96748,157.25658,5.053109,152.04123,154.29652,9.885115,152.30946,159.93562,10.784408,156.26285,160.05153,12.543884,156.6286,161.15411,6.3039904,157.31741,,,,,,
181,,,,,,,,,,,,,,,,169.19211,-1.7215415,162.81941,,,,167.34396,-1.608429,157.43361,167.50053,-3.6812713,161.0171,,,,,,,,,,160.4467,-2.991835,160.10225,164.44637,-4.1008024,161.71904,,,,,,,,,,,,,,,,162.83836,-3.5836275,157.92969,155.35164,-1.030401,150.23029,160.36063,-2.1932912,155.1478,155.35164,-1.030401,150.23029,,,,162.77527,3.6015704,162.21663,164.29082,8.487065,163.92168,163.9546,10.342901,163.34177,,,,165.26624,9.247724,161.71,164.801,10.65665,161.28482,154.17561,11.258458,152.34225,155.01454,4.96517,153.0178,157.50893,5.1752563,152.32042,154.30948,9.768447,152.29239,159.90497,10.786081,156.1957,160.01944,12.538479,156.67204,161.1817,6.324163,157.42725,,,,,,
182,,,,,,,,,,,,,,,,169.36893,-1.5944324,162.95464,,,,167.38086,-1.5838032,157.58372,167.54384,-3.6252801,161.05627,,,,,,,,,,160.57646,-2.9716532,160.21544,164.46533,-4.0935607,161.72276,,,,,,,,,,,,,,,,162.92679,-3.5878441,158.01549,155.42639,-1.1067488,150.29236,160.45514,-2.208466,155.24263,155.42639,-1.1067488,150.29236,,,,162.74626,3.661561,162.55656,163.57513,8.355028,163.5771,163.59143,10.375645,163.91745,,,,166.75247,9.058018,163.34096,165.66078,10.605094,162.18103,154.67628,11.248831,152.83926,155.27238,5.010606,153.15718,157.70102,5.418407,152.50308,154.80379,9.73138,152.78293,159.9052,10.78358,156.19531,160.22542,12.538962,156.71614,161.24545,6.4962664,157.5609,,,,,,
183,,,,,,,,,,,,,,,,,,,,,,167.26312,-1.6462317,157.53853,167.55914,-3.553691,161.08408,,,,,,,,,,160.67616,-2.917823,160.34575,164.43689,-4.056515,161.79231,,,,,,,,,,,,,,,,162.93379,-3.5261903,158.0364,156.06,-1.092024,150.72758,160.80946,-2.2222555,155.60426,156.06,-1.092024,150.72758,,,,162.995,4.055147,162.8047,163.54964,8.404269,163.64206,163.46278,10.390481,163.89925,,,,166.88913,9.053542,163.47911,166.28864,10.423455,162.80615,154.71736,11.228268,152.87949,155.3281,5.0116677,153.12971,157.95468,5.4810348,152.8813,154.843,9.730733,152.82176,159.93588,10.781907,156.26248,160.24995,12.6308365,156.76167,161.27815,6.5051494,157.59258,162.93927,1.6681405,154.79596,,,
184,167.14145,9.402737,168.16164,,,,,,,,,,,,,169.49466,-1.6272575,163.04926,,,,167.25969,-1.5179508,157.59056,167.67313,-3.5662003,161.1938,,,,,,,,,,160.87761,-2.8975906,160.54669,164.38092,-4.0727777,161.87021,,,,,,,,,,,,,,,,163.06863,-3.4673798,158.15126,156.19786,-1.1161067,150.82672,160.98045,-2.2287705,155.7698,156.19786,-1.1161067,150.82672,,,,162.95735,4.1255865,162.87508,163.35765,8.413259,163.50005,163.44072,10.488997,163.9652,165.55847,5.2267375,161.49538,167.00974,8.917693,163.78636,166.3612,10.329992,163.18317,154.74045,11.22594,152.96072,155.39886,5.0092945,153.25673,158.1207,5.4768476,153.08258,155.17105,9.751684,153.28156,160.00537,10.82239,156.25386,160.3092,12.544963,156.98158,161.33673,6.5385604,157.66364,,,,,,
185,,,,,,,,,,,,,,,,169.66843,-1.5902073,163.24263,,,,167.24144,-1.429218,157.68127,167.70209,-3.497649,161.24538,,,,,,,,,,160.90733,-2.8288736,160.62363,164.37166,-4.0030327,161.8844,,,,,,,,,,,,,,,,163.08922,-3.4186409,158.2312,156.2532,-1.118158,150.91292,161.03343,-2.2267704,155.82242,156.2532,-1.118158,150.91292,,,,162.96883,4.183834,162.9467,163.58505,8.74406,163.72826,163.3779,10.490932,163.95845,,,,167.51431,8.610076,164.35158,166.90392,10.280766,163.80563,154.7931,11.200839,153.03806,155.50862,5.1562376,153.36237,158.31848,5.402626,153.25601,155.22183,9.858237,153.40057,160.06801,10.827703,156.31009,160.31424,12.492068,156.97441,161.37943,6.536093,157.72739,160.42047,1.5313985,158.99155,,,
186,167.09822,9.31874,168.3974,,,,,,,,,,,,,,,,,,,167.16231,-1.4390312,157.89343,167.66228,-3.471698,161.29225,,,,,,,,,,160.90834,-2.8367746,160.78748,164.49493,-3.9727132,161.7787,,,,,,,,,,,,,,,,163.11014,-3.4253,158.24959,156.33041,-1.1131477,150.9887,161.00499,-2.2566612,156.01477,156.33041,-1.1131477,150.9887,,,,163.01251,4.200385,162.99034,163.56523,8.643008,163.71375,163.3713,10.468666,163.9452,,,,167.82988,8.591905,164.66222,167.44817,10.470181,164.40924,154.81624,11.321693,153.17403,155.53987,4.989287,153.39113,158.34491,5.2039723,153.27672,155.23042,9.89167,153.40778,160.14195,10.8459835,156.37874,160.33957,12.490322,157.05193,161.9127,6.5140066,158.22826,,,,,,
187,167.05055,9.161957,168.41234,,,,,,,,,,167.57272,8.891212,168.89537,169.71768,-1.4755591,163.38933,,,,167.09175,-1.4359841,157.8449,167.71155,-3.4748623,161.33968,,,,,,,,,,161.4294,-2.7689364,161.32045,164.84386,-3.9855893,161.8631,,,,,,,,,,,,,,,,163.11964,-3.5997157,158.28355,156.65092,-0.9720197,151.56229,161.16135,-2.2490747,155.94652,156.65092,-0.9720197,151.56229,,,,163.02177,4.221992,162.99911,163.49374,8.782618,163.66899,163.389,10.253964,163.91934,,,,167.84999,8.566994,164.66269,167.4305,10.428058,164.47827,154.5745,11.529957,153.5054,155.99843,4.725621,153.7507,158.79524,5.157271,153.70326,155.33897,9.674495,153.26263,160.18611,10.830501,156.41116,160.35435,12.561239,157.0641,162.00931,6.468606,158.35114,163.19756,1.7577345,155.324,,,
188,167.23691,8.976255,168.6087,,,,,,,,,,,,,,,,,,,167.1544,-1.4288163,157.90398,167.67915,-3.6607995,161.31062,,,,,,,,,,,,,165.62277,-4.031612,162.62813,,,,,,,,,,,,,,,,163.35895,-3.6300678,158.51613,156.6614,-1.0244292,151.60449,161.32672,-2.4104445,155.87042,156.6614,-1.0244292,151.60449,,,,163.18001,4.6890354,163.15326,163.50691,8.849798,163.6787,163.45952,10.255598,163.7875,,,,167.90169,8.486654,164.71591,167.92607,10.372283,164.88345,154.83438,11.728796,153.75526,156.4656,4.955168,154.20645,159.04704,5.455654,154.01187,155.15894,9.598336,153.1116,160.29807,10.857326,156.50995,160.32393,12.706954,157.00806,162.08638,6.435185,158.42775,163.33112,1.7517221,155.45132,,,
189,167.2369,8.941643,168.74545,,,,,,,,,,167.65878,8.878634,169.17468,169.83241,-1.492821,163.6633,,,,167.1518,-1.4393446,157.90164,167.72084,-3.720368,161.38443,,,,,,,,,,,,,166.06258,-4.0678377,163.06018,,,,168.72572,-4.018176,163.85576,,,,,,,,,,163.56284,-3.6966321,158.71478,156.77158,-1.051567,151.83455,161.41087,-2.4651043,155.95412,156.77158,-1.051567,151.83455,,,,163.29085,4.7794294,163.37186,163.5319,8.794882,163.817,163.42764,10.257397,163.75534,,,,168.05423,8.313736,164.80632,168.34749,10.288529,165.26169,155.01627,11.763643,153.93489,156.6949,4.957976,154.37613,159.43718,5.768531,154.35011,155.11879,9.444593,153.07828,160.36285,11.030817,156.50244,160.26062,12.720143,156.87381,162.15385,6.368254,158.61975,163.39618,1.7126868,155.51427,163.39618,1.7126868,155.51427
190,167.15633,8.767841,168.83592,,,,,,,168.19974,6.00724,169.27267,167.69833,8.748904,169.34752,169.89517,-1.5444742,163.77577,,,,167.14618,-1.5089918,157.89728,168.03885,-3.7510827,161.87428,,,,,,,,,,,,,166.20673,-4.084893,163.23975,,,,168.7459,-4.3075175,163.82307,,,,,,,,,,163.56744,-3.6962945,158.70787,157.00053,-1.2448982,152.05267,161.63234,-2.4888518,156.23312,157.00053,-1.2448982,152.05267,,,,163.4323,4.705319,163.45923,163.42871,8.918387,163.77687,163.4313,10.276635,163.7578,167.0777,5.0264125,162.80847,168.27193,8.3010235,165.02043,168.7193,10.26639,165.62833,155.05927,11.737727,153.918,156.89795,4.9666576,154.57614,159.41655,5.767667,154.37895,155.12135,9.42188,153.07484,160.46394,10.866252,156.56128,160.0649,12.698402,156.60657,162.56384,6.1480837,158.98839,163.36949,1.7006736,155.5468,163.36949,1.7006736,155.5468
191,166.93274,8.716101,169.80702,,,,,,,168.45528,5.923536,169.5827,167.89183,8.297568,169.70491,170.16393,-1.5683857,164.10262,,,,167.12865,-1.5101812,157.92418,168.06001,-3.7008424,161.893,,,,,,,,,,,,,166.24487,-4.0922766,163.36598,,,,168.91008,-4.2994514,164.06822,,,,,,,,,,163.5268,-3.7010756,158.80458,157.44997,-1.5557357,152.46187,161.72765,-2.4926848,156.32527,157.44997,-1.5557357,152.46187,,,,163.68236,4.6939254,163.73769,163.47713,8.9646845,163.86098,163.3872,10.664023,163.84602,,,,168.27916,8.300598,165.02754,169.05931,10.222166,165.91197,155.14015,11.60638,153.88263,156.94324,5.00223,154.61122,159.9365,6.2660093,154.93074,155.80505,9.40686,153.82645,160.54381,10.833223,156.61609,160.08649,12.670025,156.5758,162.56068,6.136867,159.04863,163.36958,1.6882778,155.59053,,,
192,167.23026,8.639821,170.11989,,,,,,,168.395,5.912389,169.70453,168.17583,8.278105,169.99335,170.15332,-1.5382283,164.14114,,,,167.24174,-1.5031583,158.0312,168.06992,-3.730755,161.93964,,,,,,,,,,,,,166.37431,-4.11384,163.56807,,,,169.02069,-4.253628,164.1946,,,,,,,,,,163.52396,-3.6440282,158.84573,157.4256,-1.5577568,152.50302,161.8822,-2.7233162,156.54128,157.4256,-1.5577568,152.50302,154.48732,10.2976265,152.11594,163.70212,4.6554303,163.82332,163.50162,8.963339,163.88567,163.34453,10.697494,163.87657,,,,168.93538,8.574242,165.67712,169.12819,10.313399,165.97636,155.21133,11.55544,153.79712,156.96246,5.0016766,154.63382,159.90654,6.321159,154.9729,155.84012,9.54432,153.85551,160.53218,10.782019,156.63275,160.10312,12.610394,156.524,162.71373,5.9526596,159.22433,,,,,,
193,167.23293,8.625143,170.15337,,,,,,,168.69101,5.856678,170.01772,168.19217,8.276978,170.00995,170.15523,-1.5410775,164.19315,,,,167.33427,-1.5210721,158.12144,168.32846,-3.7872717,162.27806,,,,,,,,,,,,,166.34369,-4.2121234,163.5724,,,,169.05632,-4.17835,164.29869,,,,,,,,,,163.7716,-3.6144395,159.18222,157.63986,-1.5772163,152.74596,162.24289,-2.7870622,156.94064,157.63986,-1.5772163,152.74596,154.52008,10.339371,152.12648,163.68883,4.685719,163.84378,163.5053,8.913016,163.89192,163.31337,10.64922,163.87259,,,,168.9646,8.545556,165.77016,169.33295,10.269445,166.16965,155.29834,11.543446,153.8739,157.14017,4.9416304,154.88708,159.88882,6.3204885,154.99785,155.95934,9.716952,153.95726,160.4982,10.669785,156.64505,160.2754,12.548696,156.6812,162.81725,5.8909674,159.39503,,,,,,
194,167.23825,8.5938225,170.14775,,,,,,,168.68306,5.9805636,170.08594,168.23529,8.422617,170.03085,170.14705,-1.5441176,164.25319,,,,167.37926,-1.5235718,158.26482,168.36714,-3.7684433,162.31511,,,,,,,,,,,,,166.39441,-4.281632,164.18138,,,,169.31587,-4.197641,164.55113,,,,,,,,,,163.74854,-3.6107733,159.28123,157.61842,-1.6169047,152.83492,162.2052,-2.7937944,157.03932,157.61842,-1.6169047,152.83492,155.25888,9.816582,152.74126,163.47246,3.9869611,163.7211,163.72534,8.871186,164.1093,163.02899,10.638993,163.57544,,,,169.2019,8.797196,165.99527,169.61412,10.2211275,166.43787,155.41682,11.901928,153.93524,156.99178,4.344113,154.78696,159.7012,4.98808,154.84253,,,,160.59377,10.634546,156.73045,160.2786,12.516702,156.67665,163.02141,5.830866,159.64711,,,,,,
195,167.24469,8.616687,170.1533,,,,,,,168.675,5.9219384,170.12181,168.1073,8.423755,170.29501,170.40678,-1.5340844,164.54066,,,,167.35544,-1.5191921,158.33034,168.4206,-3.67585,162.43631,,,,,,,,,,,,,166.38086,-4.286821,164.27414,,,,169.31688,-4.0774236,164.61424,,,,,,,,,,164.27528,-3.7468917,159.81158,157.6372,-1.6412926,152.87326,162.23117,-2.7968452,157.15004,157.6372,-1.6412926,152.87326,155.30687,9.720504,152.67735,163.47963,3.9878495,163.71011,163.72905,8.837967,164.10359,163.03673,10.570078,163.5636,,,,,,,,,,155.59583,11.877983,154.02391,157.51038,4.4264083,155.33046,159.72514,4.932313,154.80893,,,,160.62091,10.546705,156.68573,160.35316,12.427923,156.75623,163.02037,5.77303,159.66069,,,,,,
196,167.2536,8.669891,170.16002,,,,,,,168.83292,5.8386707,170.53314,168.36935,8.577708,170.58911,170.62787,-1.5665206,164.87059,,,,167.53442,-1.555891,158.66963,168.60481,-3.6884558,162.61409,,,,,,,,,,,,,166.3714,-4.2962184,164.30997,,,,169.58818,-4.082553,164.88353,,,,,,,,,,164.31502,-3.664296,159.94327,158.19276,-1.558703,153.51706,162.67572,-2.8152168,157.7181,158.19276,-1.558703,153.51706,155.30997,9.720563,152.67322,163.47116,3.987417,163.72311,163.68892,8.8260565,164.16559,163.03029,10.5699835,163.57344,,,,169.35814,8.8986435,165.82335,,,,155.73431,11.87189,153.83739,157.5947,4.422216,155.48569,159.79672,4.873297,154.70842,,,,160.82979,10.439026,156.79071,160.37674,12.417982,156.77715,163.42395,5.862213,160.18678,,,,,,
197,167.26755,8.670316,170.13692,,,,,,,168.86458,5.8326516,170.56416,168.37395,8.577383,170.5938,,,,,,,167.62897,-1.6535354,158.7973,168.63768,-3.7118618,162.67332,,,,,,,,,,,,,166.43036,-4.1758976,164.36748,,,,169.58145,-4.0421925,164.90523,,,,,,,,,,164.43193,-3.6710827,160.06349,158.57347,-1.6762569,153.89636,162.83167,-2.757013,158.14026,158.57347,-1.6762569,153.89636,155.95862,9.567963,153.01013,163.57475,4.4488287,163.80414,163.69415,8.86453,164.16888,163.1867,10.543314,163.6896,,,,169.36482,8.898225,165.82991,169.52802,10.402317,165.7728,156.15585,11.778932,154.14075,157.90323,4.4148726,155.79155,160.1525,5.0968757,155.04823,,,,160.83748,10.420464,156.77966,160.38206,12.232674,156.76064,163.43765,5.864924,160.20758,,,,,,
198,167.29265,8.690546,170.15237,,,,,,,169.03198,5.89315,170.73145,168.28986,8.68801,170.74055,,,,,,,167.59805,-1.6476854,159.04893,168.61917,-3.719288,162.7897,,,,,,,,,,,,,166.48715,-4.2626743,164.39581,,,,,,,,,,,,,,,,164.45164,-3.7549598,160.23773,158.75394,-1.7235752,154.22691,162.94511,-2.7553332,158.33432,158.75394,-1.7235752,154.22691,156.30159,9.45905,153.26944,163.69022,4.3304963,163.89677,163.62122,8.916748,164.0892,163.43475,10.6009865,163.65756,,,,169.39154,8.8965435,165.85616,169.46698,10.400973,165.87354,156.44785,11.7021,154.43553,158.10756,4.3989143,156.10347,160.31282,5.2023606,155.16525,,,,160.9,10.317109,156.70119,160.44489,12.029971,156.74933,163.45688,5.9281516,160.36803,,,,,,
199,167.51857,8.749565,170.29437,,,,,,,169.1321,5.9123435,170.78903,168.42044,8.605077,170.9818,,,,,,,167.70479,-1.6637732,159.34233,168.6308,-3.789396,163.07024,,,,,,,,,,,,,167.06454,-4.5102386,164.72475,,,,169.96724,-3.985856,165.42589,,,,,,,,,,164.65323,-3.667813,160.43924,158.89055,-1.755206,154.43893,163.09474,-2.7896872,158.553,158.89055,-1.755206,154.43893,156.50304,9.456337,153.34134,163.77116,4.7075567,163.9899,163.62122,8.916748,164.0892,163.41791,10.600763,163.68344,168.37729,4.7001934,164.60782,169.48442,8.8057375,166.01341,169.4441,10.363909,165.897,156.63501,11.63736,154.49504,158.88913,4.3765473,156.9108,160.6901,5.2773085,155.63565,,,,160.84402,10.239454,156.46509,160.46666,11.944938,156.68274,163.51573,6.2030444,160.47829,,,,,,
200,167.54813,8.747548,170.32458,,,,,,,169.31175,5.8926735,170.96724,168.6636,8.587883,171.22992,,,,,,,167.67096,-1.6885866,159.47363,168.65994,-3.7981563,163.21606,,,,,,,,,,,,,167.07239,-4.477698,164.73213,,,,169.91658,-3.9947336,165.59103,,,,,,,,,,164.66588,-3.6499574,160.51442,158.87317,-1.7969118,154.52533,162.9946,-2.8078032,158.77774,158.87317,-1.7969118,154.52533,156.71924,9.449924,153.58748,164.08821,4.714988,164.3106,163.70496,8.954292,164.20352,163.47655,10.622088,163.74109,168.57062,4.7441125,164.8806,169.50821,8.800404,166.14447,169.4843,10.25224,165.90797,157.36374,11.679047,155.07072,158.89844,4.383584,156.99266,160.68553,5.2236624,155.7368,,,,160.90945,10.227921,156.36774,160.45978,11.9124565,156.67734,163.51819,6.199662,160.57446,,,,,,
201,167.75237,8.775089,170.52832,,,,,,,169.32709,5.89154,170.98279,168.63754,8.574065,171.4317,,,,,,,168.10374,-1.7086395,159.88544,168.97694,-3.8206103,163.52306,,,,,,,,,,,,,167.06454,-4.5102386,164.72475,,,,169.91583,-3.9730704,165.68732,,,,,,,,,,164.72948,-3.680391,160.67113,159.18228,-1.802604,154.82599,163.05696,-2.806299,158.84006,159.18228,-1.802604,154.82599,156.8829,9.622202,153.73953,164.20358,4.903973,164.47989,163.91534,8.95899,163.87839,163.4934,10.622307,163.71518,168.71417,4.9122744,165.01721,169.53854,8.789702,166.17197,169.49954,10.250167,165.95775,158.85556,11.532785,156.5529,159.32957,4.97283,157.41252,161.37367,5.8531756,156.38696,,,,160.89775,10.228328,156.35631,160.49878,11.882866,156.5996,163.60593,6.1952214,160.66092,,,,,,
202,167.86601,8.777011,170.64717,,,,,,,169.33595,5.896466,171.04698,168.65758,8.49774,171.43953,,,,,,,168.35046,-1.5900884,160.1424,169.27649,-3.778879,163.82654,,,,,,,,,,163.20424,-3.08756,163.70108,166.702,-4.3675547,164.77895,,,,170.1842,-3.9733095,166.00548,,,,,,,,,,165.02528,-3.733742,160.98732,159.43367,-1.8324347,155.09644,163.04639,-2.7838717,159.16833,159.43367,-1.8324347,155.09644,156.90952,9.680935,153.75983,164.21286,4.9085407,164.49908,163.8681,8.953932,164.08087,163.48436,10.561621,163.71861,168.75752,4.892831,165.09142,169.53444,8.765411,166.16876,169.5127,10.320395,165.96591,159.14241,11.4816885,156.83884,159.60977,4.962219,157.72743,161.40788,5.838382,156.41637,,,,160.88557,10.119691,156.34883,160.50471,11.75664,156.53116,163.6976,6.133414,160.78622,,,,,,
203,168.08939,8.759889,170.91818,,,,,,,169.32881,5.817125,171.04953,168.8816,8.306915,171.63943,,,,,,,168.31409,-1.691185,160.18298,169.29007,-3.7817981,163.87315,,,,,,,,,,163.10422,-3.1175685,163.83995,166.64764,-4.5544877,164.75035,,,,170.21996,-3.9652913,166.09227,,,,,,,,,,165.30171,-3.7612228,161.3048,159.46867,-1.8460859,155.14996,163.24664,-2.8318436,159.3642,159.46867,-1.8460859,155.14996,157.05801,9.839942,153.87296,164.37668,4.911542,164.90685,163.84943,8.927566,164.09459,163.41797,10.556026,163.66092,169.00735,4.8190236,165.34398,169.62242,8.821362,166.0151,169.50175,10.320162,165.98401,159.51729,11.377662,157.20058,160.05176,5.6653094,158.1487,161.66394,5.8090367,156.15778,,,,161.0741,9.900085,156.56442,160.51398,11.667015,156.51788,163.79297,6.0700445,160.8761,,,,,,
204,168.29575,8.776182,171.14877,,,,,,,169.63806,5.633128,171.62923,169.16656,8.28301,171.73563,,,,,,,169.09903,-1.7580001,160.94572,169.4927,-3.7965317,164.06943,,,,,,,,,,163.07791,-3.1589122,163.86476,166.54614,-4.571449,164.90678,,,,170.13219,-3.9931605,166.58542,,,,,,,,,,165.45801,-3.8201451,161.69817,159.4549,-1.8471067,155.16933,163.29413,-2.9061184,159.41164,159.4549,-1.8471067,155.16933,157.37175,9.777483,154.1658,164.4427,5.1487246,164.98561,164.0924,8.921735,164.08957,163.4031,10.555845,163.68375,169.18846,4.689163,165.50816,169.64055,8.820188,166.03291,169.5162,10.490426,166.02602,160.08708,11.297198,157.78558,160.46407,5.8997664,158.54784,161.95326,5.934713,156.41669,,,,161.10837,9.839447,156.61035,160.96892,11.585941,157.1563,163.84874,6.011974,160.91594,,,,,,
205,168.67511,8.568926,171.55206,,,,,,,169.7147,5.6247783,171.7666,169.25476,8.087495,171.84874,,,,,,,169.37634,-1.7707367,161.21155,169.67232,-3.887692,164.26462,,,,,,,,,,163.21167,-3.1415708,163.99908,166.59682,-4.7257423,165.30179,,,,170.16043,-4.1598783,166.60498,,,,,,,,,,165.8301,-3.8825004,162.06032,159.79057,-1.7942111,155.49606,163.28156,-2.9260092,159.43044,159.79057,-1.7942111,155.49606,157.7472,9.755404,154.22452,164.5175,5.1802807,165.1122,164.19557,8.915907,164.1933,163.29102,10.522148,163.63887,,,,169.64055,8.820188,166.03291,169.42381,10.505167,166.17873,160.49432,11.189767,158.19301,160.86287,6.1188517,158.96683,162.02075,6.0641613,156.47734,,,,161.3987,9.821702,157.18982,161.13303,11.527135,157.31607,163.83443,5.972046,160.93175,,,,,,
206,168.93929,8.447397,171.8313,,,,,,,169.71962,5.6103587,171.81842,169.2664,7.96921,171.8651,,,,,,,169.62341,-1.8343462,161.63716,169.70631,-3.9331899,164.32376,,,,,,,,,,163.28085,-3.1352637,164.16678,166.68962,-4.6406507,165.38919,,,,170.24527,-4.2360525,166.72252,,,,,,,,,,165.90944,-3.911376,162.16962,159.85321,-1.8410772,155.68437,163.44653,-2.9782474,159.54695,159.85321,-1.8410772,155.68437,157.8456,9.7784815,154.24413,164.60939,5.176461,165.22525,164.1163,8.911566,164.35371,163.17941,10.445143,163.91779,,,,169.554,8.775338,166.17616,169.63599,10.484678,166.45969,161.49406,11.146615,159.18127,161.06984,6.1694617,159.12108,162.1808,6.1715307,156.90704,161.31438,9.85391,159.12216,161.36922,9.972445,157.30658,161.1371,11.446449,157.34505,163.91347,5.967903,161.00964,,,,,,
207,169.22752,8.388798,172.12183,,,,,,,169.73811,5.522134,171.86247,169.60414,7.840266,172.22607,,,,,,,169.80882,-2.0439298,162.0876,169.94464,-4.053804,164.69771,,,,,,,,,,163.26244,-3.2113638,164.37253,166.75116,-4.636028,165.45085,,,,170.24245,-4.280154,166.83832,,,,,,,,,,165.94464,-3.9038723,162.32272,159.9868,-1.9572996,155.88736,163.61435,-3.0680802,159.72185,159.9868,-1.9572996,155.88736,157.96913,9.776889,154.24695,164.65741,5.170886,165.33977,164.12091,8.845329,164.53743,163.1428,10.408303,163.93869,,,,169.511,8.917443,166.38869,169.6349,10.480164,166.60239,162.13608,11.119289,159.8164,161.21924,6.3656335,159.26157,162.19887,6.365754,157.13844,161.70564,9.864921,159.49791,161.34816,10.211921,157.37979,161.30432,11.326687,157.5095,163.94392,5.943021,161.17181,,,,,,
208,169.34425,8.345281,172.01643,,,,,,,169.85478,5.489443,171.9509,169.61592,7.83941,172.2381,,,,,,,170.05038,-2.1024659,162.4685,169.98781,-4.100084,164.78418,,,,,,,,,,163.27748,-3.1720061,164.383,167.10056,-4.5014577,165.89877,,,,170.48604,-4.3803997,167.15517,,,,,,,,,,166.19896,-3.9181693,162.64684,160.01645,-1.9842027,155.88983,163.68234,-3.1071608,159.74158,160.01645,-1.9842027,155.88983,158.03168,9.747797,154.41978,164.8942,5.1371956,165.62035,164.23814,8.706816,164.91492,163.28981,10.297824,164.09413,,,,169.50511,8.796371,166.47942,169.63982,10.32164,166.7225,162.56325,11.190971,160.36334,161.6832,6.344652,159.72139,162.20183,6.37856,157.14081,162.1782,9.846141,159.92905,161.33849,10.211173,157.41591,161.29045,11.324161,157.5296,164.14613,5.8887243,161.4273,,,,,,
209,169.37761,8.331162,172.05087,,,,,,,170.0169,5.368514,172.12315,169.77232,7.8280187,172.39754,,,,,,,170.49908,-2.2831707,163.0067,170.08177,-4.1805415,165.23694,,,,,,,,,,163.2729,-3.1594782,164.40796,167.11249,-4.458543,166.05505,,,,,,,,,,,,,,,,166.19408,-3.9269705,162.69678,160.38257,-1.9880531,156.25087,163.71115,-3.1168303,159.80179,160.38257,-1.9880531,156.25087,158.42165,9.750122,154.79575,164.90712,5.0634737,165.63951,164.53262,8.65294,165.20822,163.57867,10.109495,164.35622,,,,169.50636,8.776126,166.48132,169.64388,10.262745,166.713,163.2059,11.339303,160.95506,161.69722,6.33026,159.8318,162.13718,6.3765163,157.23509,162.7841,9.82023,160.51529,161.27698,10.240527,157.43994,161.09001,11.271186,157.43129,164.72356,5.8538375,161.99611,,,,,,
210,169.38943,8.342043,172.06253,,,,,,,170.0783,5.3346243,172.17728,169.96448,7.5759273,172.49464,,,,,,,170.4686,-2.3768318,163.03455,170.06845,-4.1835923,165.29181,,,,,,,,,,163.29036,-3.1580951,164.43936,167.17836,-4.4769855,166.35606,,,,,,,,,,,,,,,,166.2434,-3.93375,162.86531,160.40462,-1.9887147,156.27235,163.89645,-3.12679,159.98274,160.40462,-1.9887147,156.27235,158.45644,9.583659,154.83911,164.90756,4.691245,165.77898,164.96132,8.590804,165.55463,163.77588,10.05976,164.48325,,,,169.5282,8.825199,166.51619,169.64388,10.262745,166.713,163.43883,11.280193,161.17337,161.63664,6.0219765,159.7805,162.1342,6.363703,157.23273,163.0347,9.948971,160.77328,161.14607,10.246564,157.41934,160.87231,11.416207,157.24664,164.7607,5.9270635,162.36688,,,,,,
211,169.63191,8.353143,172.44072,,,,,,,170.13689,5.2589164,172.2005,170.0958,7.9673533,172.61557,,,,,,,170.81458,-2.4038172,163.41464,170.07443,-4.2778153,165.41647,,,,,,,,,,163.35182,-3.1546407,164.63777,167.11838,-4.5420275,166.42902,170.36426,1.8286124,173.04445,,,,,,,,,,,,,166.23918,-3.940792,162.99367,160.64207,-1.9258463,156.16219,163.88211,-3.0797513,160.0841,160.64207,-1.9258463,156.16219,158.49808,9.581185,154.92969,164.93288,4.6825514,165.83466,165.24449,8.551038,165.84148,163.80157,10.0338955,164.47835,,,,169.6178,8.80634,166.53738,169.62514,10.26819,166.56319,163.4209,11.279823,161.2017,161.8697,5.955498,160.04604,162.1842,6.3559504,157.38773,163.329,9.909618,160.99158,161.20877,10.266628,157.52106,160.7775,11.44151,157.39587,164.78351,5.7351937,162.38467,,,,,,
212,169.70482,8.35234,172.51498,,,,,,,170.51521,5.235259,172.45964,170.2076,7.8505325,172.68904,,,,,,,170.82668,-2.803201,163.4435,170.18376,-4.3614287,165.57434,170.71385,1.6653616,173.39099,,,,,,,163.39563,-3.1726933,164.70659,167.09465,-4.5757203,166.42696,170.71931,1.6960112,173.39561,,,,,,,,,,,,,166.29546,-3.9874089,163.2545,160.64207,-1.9258463,156.16219,164.06929,-2.9972498,160.31195,160.64207,-1.9258463,156.16219,158.73386,9.573136,155.16138,165.14879,4.669135,166.05241,165.43727,8.621295,166.06528,164.2217,9.874788,164.88516,,,,169.6178,8.80634,166.53738,169.5553,10.246127,166.4954,164.09042,11.249161,161.86545,161.98888,5.9418955,160.16446,162.11584,5.9769177,157.39024,163.70636,9.825487,161.35498,161.20439,10.266531,157.52736,160.76059,11.459322,157.4287,165.05325,5.717938,162.32756,,,,,,
213,169.75346,8.448704,172.56099,,,,,,,170.51968,5.1176467,172.46771,170.3551,7.8402534,172.82094,,,,,,,171.00331,-2.42088,163.65964,170.3381,-4.4212227,165.725,170.70697,1.5456458,173.38753,,,,,,,163.44136,-3.2075622,164.75288,167.21642,-4.765073,166.52156,170.72813,1.6641388,173.40553,,,,,,,,,,170.70245,1.3180505,173.34691,166.29546,-3.9874089,163.2545,160.85333,-1.8473165,156.36424,164.17972,-3.0758727,160.42105,160.85333,-1.8473165,156.36424,158.98216,9.664634,155.3999,165.24802,4.662924,166.1525,165.76537,8.4652405,166.40875,164.5846,9.8209915,165.27808,,,,169.6178,8.80634,166.53738,169.5352,10.121941,166.48088,164.48389,11.201458,162.25674,162.07277,5.5958104,160.2586,162.11584,5.9769177,157.39024,163.85109,9.790817,161.49092,161.08743,10.263925,157.69678,160.83241,11.456736,157.4994,164.90707,5.7087636,162.6598,,,,,,
214,170.12366,8.431613,172.68394,,,,,,,170.68231,4.982249,172.59763,170.53421,7.530939,172.72983,,,,,,,170.79878,-2.8452997,163.46596,170.38261,-4.424642,165.76834,,,,,,,,,,163.80002,-3.2462714,165.10875,167.21764,-4.7801223,166.68925,,,,,,,,,,,,,,,,166.37196,-4.0398808,163.37756,160.92958,-1.7940854,156.40811,163.99637,-3.1241577,160.86133,160.91727,-1.6966166,156.42581,159.15144,9.399572,155.52548,165.2633,4.68289,166.35718,166.02885,8.431759,166.84782,164.88522,9.661691,165.63431,,,,169.3417,8.644686,166.84647,169.5352,10.121941,166.48088,164.78867,11.202334,162.58723,162.45421,5.622006,160.69696,162.24992,5.971071,157.52078,164.02658,9.781241,161.7109,161.07857,10.1416,157.7096,160.821,11.3452,157.80995,164.90294,5.68883,162.65646,,,,,,
215,170.23405,8.423462,172.79651,,,,,,,170.79706,4.927037,172.71388,170.63454,7.498438,172.82512,,,,,,,170.759,-2.8667328,163.60524,170.46844,-4.4611464,165.92705,170.75673,1.4117472,173.72528,,,,,,,163.77954,-3.3435094,165.0886,167.33081,-4.8377466,166.8188,170.76352,1.4497626,173.73106,,,,,,,,,,,,,166.42299,-4.146275,163.47101,161.08331,-1.7317398,156.57866,164.14578,-3.1397765,161.05016,161.06912,-1.6199025,156.59904,159.23177,9.325673,155.60004,165.51895,4.6502395,166.64087,166.53702,8.305252,167.36494,165.0886,9.391073,165.82782,,,,169.27982,8.620683,166.82605,169.3854,10.233821,166.42729,164.76414,11.264074,162.62515,162.62419,5.612428,160.90773,162.27844,6.011283,157.54709,164.08972,9.749525,161.79022,161.06564,10.113343,157.74002,160.80525,11.315773,157.8358,165.0039,5.6811385,162.80627,,,,,,
216,170.42427,8.21668,172.9846,,,,,,,170.88217,4.8382034,172.79625,170.74782,7.489895,172.94029,,,,,,,170.74919,-2.9890504,163.62143,170.66458,-4.478335,166.15173,170.93857,1.3795353,173.9691,,,,,,,163.96164,-3.4651496,165.2558,167.3123,-4.842766,166.84888,170.93857,1.3795353,173.9691,,,,,,,,,,,,,166.43387,-4.1525745,163.5198,161.17532,-1.7117605,156.69733,164.1912,-3.1491902,161.13057,161.16113,-1.5998548,156.71776,159.35432,9.2979145,155.68756,165.67784,4.6192794,166.84766,166.96696,8.235045,167.8008,165.25485,9.3815565,165.99565,,,,169.27747,8.564312,166.8177,169.3854,10.233821,166.42729,164.76373,11.337162,162.65674,162.61362,5.433982,160.8998,162.39777,5.9494534,157.67686,164.18214,9.7437525,161.9281,161.04977,9.998365,157.72081,160.81306,11.308678,157.83469,165.02841,5.885768,162.93536,,,,,,
217,170.65239,8.041063,173.20697,,,,,,,171.0135,4.7626314,172.84697,170.83499,7.421975,173.05922,,,,,,,171.56807,-2.4661434,164.74097,170.66623,-4.4784617,166.15334,170.93991,1.2797607,173.9733,,,,,,,164.2413,-3.4885375,165.53563,167.51213,-4.8572674,167.0482,170.93991,1.2797607,173.9733,,,,,,,,,,170.84677,1.1089308,173.75482,166.69115,-4.169764,163.7727,161.17938,-1.7104689,156.69843,164.1912,-3.1491902,161.13057,161.16405,-1.5896376,156.72052,159.54497,9.398218,155.75658,165.71358,4.6080375,166.88406,167.03659,8.125808,167.71936,165.8088,9.348166,166.58875,,,,169.2904,8.500456,166.83267,169.60957,10.009666,166.6376,164.71521,11.339508,162.60858,162.61362,5.433982,160.8998,162.46037,5.815158,157.74239,164.17699,9.787054,161.95625,161.04643,9.715532,157.70528,160.80754,11.377866,157.8748,165.23045,5.872804,163.17325,,,,,,
218,170.75711,8.020762,173.34108,,,,,,,171.17523,4.6691227,172.86795,170.83841,7.340177,173.39664,,,,,,,171.70168,-2.3781662,165.28545,170.92563,-4.497535,166.4569,170.98004,1.2751288,174.03596,,,,,,,164.2703,-3.4981809,165.58868,167.51572,-4.8595033,167.08473,171.05942,1.2682374,174.11697,,,,,,,,,,171.06773,1.1431797,173.68849,166.72444,-4.297823,163.80591,161.22592,-1.7084991,156.7943,164.33981,-3.1540625,161.27644,161.21059,-1.5876279,156.81639,159.54478,9.3374605,155.73637,165.94237,4.591873,167.14531,167.27321,7.9882865,167.96263,166.30496,9.361895,167.08784,,,,169.28148,8.44761,166.82565,169.38223,9.996228,166.43889,164.70491,11.382916,162.64297,162.57059,5.4806023,160.89784,162.50082,5.8115425,157.8366,164.15924,9.789844,161.9849,161.17885,9.71091,157.8143,160.76643,11.141099,157.7506,165.35469,5.8314266,163.34166,,,,,,
219,170.85915,7.5697703,173.48586,170.342,-1.1912862,170.9019,,,,171.22002,4.604981,172.91492,171.0363,7.16091,173.7396,,,,,,,171.70851,-2.3458872,165.29175,170.98563,-4.7062197,166.47224,171.04562,1.2631567,174.123,,,,,,,164.3193,-3.532373,165.66422,167.74426,-4.9061103,167.34593,171.18251,1.2512246,174.26271,,,,,,,,,,,,,166.90881,-4.3418856,164.02696,161.23141,-1.7204117,156.83096,164.3861,-3.1453116,161.31996,161.21683,-1.6054008,156.85196,159.80049,9.328333,155.95953,166.27614,4.2560997,167.4864,167.75548,7.95733,168.41457,166.78603,9.305465,167.5663,,,,,,,,,,164.71739,11.451446,162.65244,162.5808,5.526553,160.90648,162.53589,5.728186,157.85986,164.18509,9.858969,162.02847,161.26122,9.861674,157.85902,160.78355,11.162823,157.73584,165.39597,5.829038,163.38257,,,,,,
220,170.93187,7.514452,173.56134,170.42322,-1.2324766,170.98438,170.2742,0.20381689,170.9508,171.26003,4.5635333,173.0456,171.04532,7.120364,173.75215,,,,,,,171.71562,-2.450426,165.28639,170.9965,-4.5909514,166.62549,171.05217,1.2625875,174.12968,169.42659,-2.68081,170.57925,,,,164.37437,-3.535762,165.71974,167.82855,-4.8803253,167.42984,171.22675,1.2473568,174.30785,,,,,,,,,,171.2682,1.1313264,173.72319,167.0523,-4.3302283,164.17163,161.42393,-1.7285886,157.03954,164.6118,-3.1577804,161.31903,161.41055,-1.6228852,157.05888,159.82841,9.302728,156.00775,166.27184,3.7963195,167.52357,168.11868,7.8548164,168.8102,167.1828,9.274089,167.96513,,,,169.72032,8.349967,166.90103,169.56377,9.755056,166.63669,164.73718,11.418908,162.69923,162.56036,5.503246,160.92534,162.67558,5.5120077,158.0257,164.38046,10.023324,162.17505,161.25218,9.834745,157.87218,160.80373,11.163097,157.70667,165.59535,5.782593,163.60834,,,,,,
221,171.08339,7.450567,173.71143,170.53065,-1.2508613,171.11832,170.36948,-0.020800686,171.08134,171.40823,4.5148396,173.19043,171.13649,7.0884247,173.7963,,,,,,,171.75731,-2.3384938,165.36119,170.9614,-4.5982976,166.75601,171.1879,1.2683499,174.26492,169.71625,-2.705766,170.89857,,,,164.42671,-3.5743747,165.7997,167.82217,-4.880866,167.4403,171.30205,1.2583445,174.38142,,,,,,,,,,171.34192,1.1423066,173.79765,167.03024,-4.335871,164.27586,161.60631,-1.7928263,157.21739,164.71848,-3.142121,161.41435,161.59589,-1.7102703,157.23248,160.05344,9.21861,156.2273,166.4083,3.7874808,167.66138,168.34512,7.792375,169.05174,167.70865,9.240537,168.49602,,,,,,,169.55241,9.685618,166.62848,164.85785,11.410668,162.81842,162.98605,5.518785,161.35826,162.81735,5.6514726,158.1588,164.5452,10.047188,162.25883,161.29776,9.862149,157.93684,160.808,11.339439,157.6964,165.63358,5.728188,163.63278,,,,,,
222,171.23268,7.4380045,173.89386,170.57423,-1.1921647,171.18297,170.41432,-0.04091221,171.1269,171.4769,4.5296116,173.26575,171.34775,7.063556,174.0319,,,,,,,171.71739,-2.3505392,165.30707,171.04149,-4.556933,166.83362,171.34755,1.26026,174.47133,169.79219,-2.6916506,171.02223,,,,164.60619,-3.7018595,166.0044,167.79335,-4.934199,167.51085,171.34755,1.26026,174.47133,,,,171.05663,-1.9958661,172.27287,171.37492,-0.2521543,172.80574,171.41203,1.1650816,173.86937,166.86958,-4.3958373,164.51245,161.65678,-1.8586152,157.2825,165.09018,-3.1607566,161.61299,161.65392,-1.8358625,157.28662,160.25261,8.9275,156.21991,166.91827,3.7330375,168.17326,168.35042,7.7479053,169.05861,167.7077,9.226126,168.50557,,,,,,,,,,164.87592,11.442072,162.81439,163.07196,5.548255,161.39442,162.87305,5.6400323,158.27553,164.62045,10.02504,162.28046,161.32387,9.85329,158.04083,160.86847,11.279393,157.62914,165.65443,5.6988096,163.65445,,,,,,
223,171.23135,7.37976,173.94402,170.63745,-1.1946179,171.33919,170.37926,-0.14858462,171.46199,171.4538,4.4822664,173.5363,171.43019,7.0572515,174.11589,,,,,,,171.7003,-2.476554,165.33583,171.12175,-4.567956,166.91983,171.47931,1.2508396,174.56493,169.79318,-2.6726012,171.05116,,,,164.60089,-3.7073784,166.01912,167.68098,-4.9600735,167.69504,171.47931,1.2508396,174.56493,,,,171.1528,-2.017069,172.33734,171.43794,-0.15394656,172.9022,171.71455,1.1608099,174.14792,167.3173,-4.577997,164.96622,162.0266,-1.9012148,157.64568,165.11694,-3.1574645,161.64085,162.02792,-1.8951706,157.64374,160.40059,8.8492565,156.36087,167.00832,3.7327764,168.0939,169.09227,7.652739,169.6027,168.65392,8.9951105,169.41942,,,,,,,169.44537,9.667458,166.65152,164.88959,11.492773,162.81422,163.1424,5.5307164,161.46095,163.18236,5.422417,158.58174,164.67944,10.026896,162.33603,161.37096,9.844804,158.2922,161.17477,11.299244,157.72241,165.67743,5.586595,163.60796,,,,,,
224,171.36098,7.3699303,174.0761,170.82243,-1.0349056,171.2517,170.44453,0.016717223,171.58266,171.51021,4.6589155,173.5887,171.46274,7.104121,174.15,,,,,,,171.7225,-2.4819899,165.36493,171.09404,-4.5935793,166.96973,171.6217,1.3332995,174.54814,,,,,,,164.9373,-3.7285652,166.35846,167.69902,-4.924753,167.72867,171.6217,1.3332995,174.54814,,,,171.18237,-1.9859037,172.37161,171.52162,-0.1583067,172.98775,171.79843,1.1568804,174.23434,167.36456,-4.673571,165.08096,162.02866,-1.9010637,157.64265,165.12524,-3.167065,161.8222,162.11397,-1.865886,157.5181,160.33842,8.847885,156.46071,167.30635,3.7015963,168.39476,169.41847,7.6308594,169.90924,169.2646,8.876291,169.87471,,,,169.41562,7.8844304,167.50333,169.10583,9.183399,167.22139,164.65262,11.530476,162.5857,163.13988,5.5192957,161.45882,163.31493,5.39108,158.69908,164.73877,10.023957,162.39476,161.38683,9.858972,158.31699,160.95998,11.28524,157.48853,166.18227,5.425013,164.23865,,,,,,
225,171.74161,7.3638315,174.49377,170.68507,-1.1787896,171.67303,170.50145,0.027168833,171.66072,171.53986,4.7884912,173.6551,171.49377,7.1004024,174.21205,,,,,,,171.63127,-2.4539301,165.54173,171.33467,-4.5449595,167.40277,171.7259,1.1645575,174.58253,,,,,,,164.95781,-3.7254264,166.37915,167.71689,-4.900721,167.81323,171.7259,1.1645575,174.58253,,,,171.23882,-1.5682406,172.5467,171.567,-0.079870984,173.08418,171.8996,1.16669,174.1613,167.37712,-4.532782,165.1356,162.18147,-1.8767948,157.61388,165.36212,-3.1820943,162.1286,162.19675,-1.8697321,157.59154,160.4888,8.8468895,156.39452,167.58363,3.668729,168.67474,169.68344,7.340929,170.15054,169.3041,8.760417,169.89908,,,,169.34196,7.871853,167.42305,169.07455,9.15725,167.27327,164.65494,11.50745,162.58209,163.21915,5.5148163,161.33606,163.34036,5.3699784,158.73274,164.67876,10.020777,162.51859,161.42918,9.7796135,158.35107,160.95903,11.280854,157.48782,166.20499,5.245553,164.18755,,,,,,
226,171.95161,7.3358893,174.9789,170.7218,-1.1757641,171.73752,170.57274,0.30435237,171.75357,171.60153,4.7836785,173.71442,171.69914,7.072611,174.69203,,,,,,,171.58119,-2.4976826,165.4966,171.34203,-4.5541234,167.46863,171.78738,1.3605446,174.7001,170.88518,-2.07052,172.46307,,,,165.16531,-3.697219,166.58829,167.98041,-4.8437996,168.07436,171.78738,1.3605446,174.7001,,,,171.53229,-1.4491209,172.89888,171.63405,-0.032342397,173.16132,171.83429,1.1851496,174.37413,167.59555,-4.5539427,165.34921,162.45755,-1.9364837,157.82823,165.53423,-3.1632679,162.29578,162.45149,-1.8526849,157.83713,160.73145,8.950716,156.63408,167.64839,2.8480542,168.76308,169.67038,7.2535443,170.14006,169.52234,8.645936,170.14708,,,,169.388,7.9253755,167.45883,169.04874,9.229468,167.27756,164.65373,11.500837,162.58118,163.11426,4.7319036,161.21481,163.30789,5.021422,158.72612,164.71928,10.049079,162.59631,161.44128,9.852945,158.40001,161.45813,10.993504,157.92967,166.37022,5.2204366,164.34694,,,,,,
227,172.07518,7.3257494,175.1163,170.86504,-1.0650547,171.87961,170.9606,0.44142082,172.15321,171.72733,4.74833,173.83618,171.80113,7.1500435,174.84344,,,,,,,171.58417,-2.6062768,165.58112,171.45032,-4.5244393,167.61224,171.91708,1.3628569,174.83669,,,,,,,165.33443,-3.5027206,166.57202,168.23372,-4.814911,168.32956,171.94078,1.5003484,174.85703,,,,,,,171.66153,-0.012087085,173.48021,171.96526,1.1405858,174.22856,167.68532,-4.5545697,165.4398,162.57611,-1.9604454,157.96635,165.61076,-3.1281586,162.37141,162.58772,-1.9596064,157.94926,160.82603,10.009995,156.5142,167.7413,2.8419032,168.85672,169.81491,7.1888394,170.14415,170.11043,8.551626,170.74178,,,,169.57927,7.919656,167.14171,169.05794,9.230327,167.24225,164.67015,11.456553,162.65727,163.09177,4.6840367,161.22821,163.32608,5.0186667,158.78233,164.70801,10.024358,162.61374,161.43556,9.852372,158.42683,161.27776,10.888196,158.30084,166.43974,5.2235227,164.41557,,,,,,
228,172.126,7.319603,175.21727,170.94452,-1.0719583,171.95972,171.0397,0.43462348,172.23306,171.77188,4.604811,173.89153,171.85242,7.1336613,174.94504,,,,,,,171.14363,-2.691819,166.31274,171.54092,-4.4639335,167.71053,172.00389,1.4705862,174.92207,,,,,,,165.43779,-3.5407858,166.68701,168.34824,-4.7959175,168.45377,172.00798,1.4943511,174.92555,,,,,,,171.70172,-0.00094366743,173.59479,171.89876,1.159506,174.47165,167.79895,-4.5684505,165.54997,162.74495,-1.9676819,158.13043,165.74661,-3.1401262,162.50354,162.74495,-1.9676819,158.13043,161.01285,10.035527,156.70547,167.82776,2.8335931,168.99635,170.39795,7.115041,170.73108,170.18367,8.544482,170.86494,,,,169.57927,7.919656,167.14171,,,,164.8012,11.437922,162.8229,163.11073,4.6164684,161.24829,163.48068,5.0104837,158.95897,164.70801,10.024358,162.61374,161.51292,9.842784,158.75372,161.43758,10.836999,158.4916,166.56856,5.2154994,164.54321,,,,,,
229,172.14177,7.2718573,175.22139,170.96553,-1.0737851,171.9809,171.06061,0.43282527,172.25417,171.7531,4.6845,173.95872,171.86554,7.131269,174.95845,,,,,,,171.14027,-2.8315742,166.28986,171.58049,-4.4065495,167.74844,172.01639,1.4763885,174.93282,,,,,,,165.48393,-3.5307658,166.73766,168.43877,-4.8454285,168.54472,172.01842,1.4882691,174.93456,,,,,,,,,,171.90646,1.1286341,174.7164,167.84467,-4.58551,165.59523,162.78384,-1.9756976,158.16826,165.7101,-3.1934261,162.72168,162.78384,-1.9756976,158.16826,161.13766,10.030209,156.8275,168.49336,3.4502664,169.66585,170.43303,7.078227,170.75722,170.94644,8.487678,171.63445,169.95325,3.956258,167.32709,169.62547,7.913173,167.1876,,,,164.84,11.429134,162.86177,163.15086,4.614587,161.28802,163.61102,5.1360097,159.08224,164.57791,10.030147,162.48474,161.62163,9.836964,158.8768,161.46916,10.820096,158.5236,166.6495,5.204577,164.5856,,,,,,
230,172.27234,7.2270565,175.34569,171.15204,-1.0873713,171.98158,171.15999,0.42985624,172.167,171.90923,4.54648,174.02554,171.99612,7.0694976,175.07814,,,,,,,171.14973,-2.9510772,166.29611,171.71532,-4.26532,167.89055,172.06073,1.4781135,174.97983,,,,,,,165.51094,-3.4678788,166.76471,168.58008,-4.8610573,168.6862,172.06241,1.4879801,174.98128,,,,,,,,,,171.99387,1.1399993,174.87657,167.85083,-4.616603,165.59082,162.80542,-2.0780842,158.19992,165.87737,-3.2259617,162.62923,162.80542,-2.0780842,158.19992,161.14697,10.003117,156.82942,168.62163,3.5612545,169.78249,170.69392,7.0562453,171.0306,171.05524,8.479645,171.74417,169.98836,4.107255,167.35892,169.63383,7.8789067,167.1743,169.44225,9.308273,166.44206,164.84674,11.406937,162.85127,163.21184,4.591732,161.33919,163.91563,5.170181,159.38815,164.57968,9.973097,162.46902,161.90399,9.794634,159.15726,161.43929,10.847567,158.76898,166.91563,5.212074,164.33832,,,,,,
231,172.42027,7.178619,175.52115,,,,,,,172.1165,4.5256996,174.07806,172.14809,6.9843845,175.24886,,,,,,,171.24005,-2.9674177,166.38087,171.85915,-4.2775803,168.03131,172.12999,1.4576393,175.0919,,,,,,,165.58257,-3.469984,166.86624,168.70003,-4.8427415,168.83995,172.13202,1.4695208,175.09363,,,,,,,,,,,,,167.96678,-4.5117044,165.70535,162.8396,-2.0531702,158.24123,166.33159,-3.3681011,163.03856,162.8396,-2.0531702,158.24123,161.32611,9.997261,157.00447,168.77634,3.5566256,169.96284,170.78128,7.0437336,171.11676,171.09933,8.635207,171.83212,170.07622,4.1157594,167.4488,,,,,,,164.84224,11.406855,162.85826,163.09837,4.6315136,161.51732,164.07596,5.1993175,159.58134,164.5418,9.839841,162.45663,162.03587,9.658078,159.32062,161.44011,10.903348,158.8015,167.01102,5.2100782,164.43617,,,,,,
232,172.42093,7.1785655,175.52182,,,,,,,172.12653,4.4763236,174.07458,172.36394,6.733432,175.4078,,,,,,,170.9417,-3.0816014,166.98024,171.87854,-4.27016,168.0519,172.24828,1.4590702,175.21222,,,,,,,165.72197,-3.36472,167.00635,168.73181,-4.854925,168.87186,172.24828,1.4590702,175.21222,,,,,,,,,,,,,168.09152,-4.5289607,165.82288,162.8786,-2.165679,158.28381,166.48625,-3.3868704,163.29855,162.87708,-2.138509,158.28607,161.44623,10.133631,157.08755,168.99556,3.553721,170.18379,170.79568,7.040647,171.17944,171.09221,8.685343,171.86067,,,,169.85652,7.666442,167.3428,,,,164.54062,11.443175,162.54247,163.14163,4.571953,161.54819,164.09299,5.2313633,159.95815,164.61139,9.808277,162.52747,162.45053,9.618457,159.73418,161.47337,11.002256,158.86316,167.07605,5.2175174,164.50722,,,,,,
233,172.61037,7.116378,175.72787,,,,,,,172.31738,4.4722505,174.26782,172.4124,6.74172,175.45695,,,,,,,171.0694,-2.9551306,167.10248,172.02753,-4.2764506,168.18562,172.27896,1.4966577,175.2785,,,,,,,165.82893,-3.349878,167.14409,168.77779,-4.847477,168.92168,172.28064,1.5065234,175.27994,,,,,,,,,,172.21043,1.2905494,175.16774,168.19453,-4.537036,165.92719,162.94823,-2.0372562,158.35112,166.57811,-3.4507499,163.28154,162.95648,-2.0093465,158.33893,161.51074,10.12597,157.1423,169.0702,3.491546,170.24294,170.70877,7.0510807,171.37926,171.08578,8.643164,171.85568,,,,,,,,,,164.55295,11.471388,162.54575,163.04597,4.5764947,161.45331,164.5761,5.201396,160.58014,164.5903,9.670718,162.52647,162.99379,9.530309,160.27135,161.69867,11.054264,159.07512,167.20998,5.1704974,165.03596,,,,,,
234,172.61417,7.178067,175.74335,,,,,,,172.5701,4.4172263,174.50581,172.61208,6.923906,175.66275,,,,,,,171.12473,-2.9254596,167.1559,172.05481,-4.2799854,168.2189,172.48215,1.4883324,175.4855,,,,,,,,,,168.8571,-4.849627,168.9347,172.48245,1.4901432,175.48576,,,,,,,,,,172.26317,1.3610758,175.1209,168.24234,-4.4352055,165.97232,163.29207,-2.0978703,158.70856,166.72859,-3.4437277,163.12679,163.30147,-2.0940404,158.69456,161.5261,10.133058,157.1783,169.15318,3.4501078,170.25375,170.75072,6.9795833,171.55042,171.09302,8.67695,171.85928,,,,,,,,,,164.49855,11.433265,162.51624,162.9188,3.991629,161.34648,164.59996,4.732553,160.4464,164.59161,9.657249,162.63591,163.3056,9.517101,160.34866,161.77864,11.096505,158.99228,167.24011,4.826585,165.12793,,,,,,
235,172.71207,7.168784,175.76758,,,,,,,172.45914,4.360464,174.76894,172.68413,7.056812,175.65756,,,,,,,171.46785,-2.5467808,166.7278,,,,172.4936,1.5159892,175.54745,171.80228,-1.9499857,173.36261,,,,,,,168.9092,-4.842262,168.95613,172.50465,1.5815644,175.55695,,,,,,,,,,172.34412,1.398362,175.1683,168.40733,-4.4090247,166.13782,163.39265,-2.0784788,158.82312,166.8292,-3.4881854,163.22385,163.4093,-2.068113,158.79834,161.71552,10.0946045,157.39162,169.16039,3.3257096,170.25325,170.84128,6.859056,171.67723,171.11424,8.6020975,171.78174,,,,,,,,,,164.4312,11.431258,162.63174,162.88028,3.7268608,161.2936,164.55344,4.327831,160.39487,164.58078,9.453744,162.6526,163.6664,9.502995,160.61137,161.97209,11.107808,158.83656,167.31961,4.8363786,165.31445,,,,,,
236,172.792,7.422429,175.78676,,,,,,,172.52864,4.36444,174.82993,172.74048,7.1110396,175.7134,,,,,,,,,,,,,,,,171.88261,-1.9924413,173.44446,,,,,,,169.01248,-4.817816,169.0592,,,,,,,,,,172.51454,0.284291,174.44662,172.55037,1.3889538,175.38141,168.47023,-4.455986,166.11223,163.45781,-2.0963337,158.8819,166.96906,-3.5010066,163.36224,163.45595,-2.0813456,158.88466,161.8085,9.258927,157.78941,169.3358,3.0514307,170.36655,170.84586,6.9608307,171.71127,171.12698,8.67462,171.78984,,,,,,,,,,164.40742,11.31709,162.66838,162.97906,3.6985364,161.38512,164.84927,4.277424,160.6843,164.49289,9.235205,162.87648,164.08784,9.487898,160.85718,162.64302,11.065051,159.49806,167.59901,4.7136827,165.5609,,,,,,
237,172.80406,7.398973,175.78069,,,,,,,172.56108,4.412989,174.86151,172.84682,7.1642485,175.77621,,,,,,,,,,,,,,,,171.87428,-2.0239232,173.43936,,,,166.22766,-3.5175729,167.95471,169.07181,-4.817569,169.1203,,,,,,,172.2314,-1.6105666,173.87323,172.56328,0.28945348,174.44609,172.81786,1.3950709,175.10641,168.5177,-4.544911,166.22775,163.5264,-2.099466,158.94858,167.09933,-3.5045867,163.39537,163.5264,-2.099466,158.94858,161.90642,9.168746,157.86914,169.37993,2.7751153,170.41133,170.86911,7.0095243,171.72829,171.18834,8.649073,171.84608,,,,169.15366,7.85937,167.95686,168.6805,9.212611,167.47987,164.18065,10.910596,163.18726,162.76663,3.6300488,161.70558,164.82782,4.092574,160.70486,164.40518,9.204032,163.06409,164.18587,9.445644,160.93597,162.74474,11.053881,159.59004,167.6896,4.7077765,165.65063,,,,,,
238,172.80489,7.453943,175.71265,171.91151,-1.3434091,173.07468,172.04941,0.43641448,173.25833,172.66043,4.519465,174.90005,172.9626,7.1847825,175.87025,,,,,,,,,,,,,,,,172.0919,-2.012663,173.80907,,,,166.24683,-3.6074162,168.01547,169.05244,-4.8708715,169.37697,,,,,,,172.30621,-1.675693,173.92256,172.70938,0.29104143,174.33882,172.98883,1.4286035,174.94577,168.84836,-4.5551486,166.55653,163.60501,-2.311502,158.98285,167.37419,-3.4591377,163.71327,163.58951,-2.187124,159.00603,161.9095,9.154081,158.15959,169.44328,2.7695742,170.49219,170.82631,6.786586,172.0199,171.19443,8.580089,171.93793,,,,169.25926,7.6875772,168.01572,168.67062,9.257727,167.48927,164.07652,10.474876,163.49109,162.9503,3.5829008,161.90254,164.82648,3.9143643,160.7262,164.25885,8.861522,163.37497,164.37222,9.168393,161.07556,162.91772,10.706263,159.68564,167.56712,4.80658,165.90312,,,,,,
239,172.77441,7.4591336,175.6196,171.90553,-1.3753473,173.0695,,,,172.78777,4.5887923,174.99335,172.99214,7.1039767,175.81673,,,,,,,,,,,,,,,,172.1796,-1.9841678,173.89754,,,,166.22664,-3.6264832,168.0635,169.13315,-4.851312,169.45659,,,,,,,172.57146,-1.7509439,174.28848,172.78456,0.19138037,174.33765,,,,168.87413,-4.593718,166.56926,163.67422,-2.3449397,159.06429,167.3839,-3.4598012,163.72276,163.66893,-2.3027737,159.0722,162.0299,9.178321,158.27617,169.47832,2.7669704,170.52751,170.76913,6.80397,172.15265,171.18463,8.552307,171.95499,,,,169.29655,7.683398,168.09421,,,,164.1252,10.363272,163.55916,163.00099,3.541494,161.98055,164.96928,3.949347,161.19121,164.2393,8.798487,163.39017,164.98125,9.073882,161.66982,163.52481,10.567164,160.34073,,,,,,,,,
240,172.78566,7.499816,175.61447,171.91562,-1.3758531,173.0724,172.05888,0.45372802,173.24492,172.97844,4.5724273,175.18707,173.01357,7.1199718,175.81204,,,,,,,,,,,,,,,,172.56512,-1.8618479,174.29977,,,,166.5585,-3.6641948,168.39429,169.13516,-4.843604,169.462,,,,,,,172.62076,-1.7555226,174.33833,172.82701,0.24744646,174.39899,,,,168.90181,-4.59729,166.62073,163.7968,-2.3534465,159.23677,167.4625,-3.4657311,163.80675,163.7915,-2.3112483,159.2447,162.46239,9.133868,158.73225,169.73561,2.7469811,170.79129,170.77946,6.7001896,172.13708,171.11859,8.484675,172.0841,,,,169.35773,7.6790032,168.15782,168.60567,9.115577,167.41058,164.15312,10.312508,163.59085,162.94942,3.533618,162.17531,165.09787,3.9430735,161.31697,,,,165.37073,8.930573,162.0684,164.22052,10.405725,161.00026,,,,,,,,,
241,172.89128,7.504177,175.4236,,,,,,,173.02104,4.61231,175.26508,173.02383,7.156523,175.79343,,,,,,,172.40813,-2.4333053,166.8738,,,,,,,172.61443,-1.8664585,174.34964,,,,166.58305,-3.7069292,168.40591,169.16072,-4.9176927,169.48459,,,,,,,172.61552,-1.7857814,174.36218,172.83612,0.19617888,174.39447,,,,168.94977,-4.6097455,166.66635,163.95332,-2.409208,159.41592,167.4865,-3.3480015,164.08998,163.9326,-2.242331,159.4471,162.65941,9.058588,158.98,169.78912,2.926972,170.84142,170.63669,6.6360283,172.46603,170.62048,8.354071,172.97563,,,,169.36891,7.678165,168.1703,168.83061,9.005143,167.57599,164.0535,10.155888,163.71431,162.8644,3.4588776,162.31425,165.54692,4.064999,161.7544,,,,165.50417,9.029519,162.33943,164.375,10.395182,161.26088,167.96013,4.8546276,166.3784,,,,,,
242,173.01611,7.458663,175.49591,,,,,,,173.03572,4.5398498,175.41512,173.23917,7.0930223,175.68771,,,,,,,172.6834,-2.5749798,167.23239,,,,172.8939,1.5489359,176.01245,,,,,,,166.65306,-3.652642,168.44255,169.14394,-4.866587,169.60417,172.8939,1.5489359,176.01245,,,,172.72195,-1.7923986,174.46643,172.88852,0.18392225,174.59056,173.25041,1.608442,175.3213,169.13223,-4.575744,166.93098,164.20755,-2.2116947,159.71478,167.65521,-3.5166624,164.304,164.2072,-2.20884,159.71533,162.93105,8.989411,159.25835,169.94046,2.98947,171.12611,170.59296,6.6387277,172.57973,170.62238,8.303579,172.9774,,,,169.40274,7.690209,168.26312,168.67133,8.9908,167.37196,163.90765,10.081408,163.91872,163.0305,3.9325635,162.56538,166.19226,4.224538,162.17624,163.96497,8.378854,163.82465,165.70793,8.9893265,162.64346,165.64272,10.291042,162.51228,168.13406,4.814747,166.63072,,,,,,
243,173.11807,7.451136,175.58101,,,,,,,173.08351,4.4670835,175.45714,173.3408,6.9355707,175.75063,,,,,,,172.69174,-2.658827,167.26964,,,,,,,172.76367,-1.851392,174.6549,,,,166.90613,-3.688818,168.69246,169.21223,-4.8956437,169.66454,,,,,,,172.75414,-1.7705686,174.67201,172.98553,0.2602885,174.7059,173.26146,1.4915423,175.31007,169.23445,-4.5920215,167.0711,164.2167,-2.1085045,159.7814,167.69011,-3.58015,164.38513,164.2167,-2.1085045,159.7814,162.86006,8.764296,159.96785,170.04257,3.0196378,171.25784,170.67212,6.5709834,172.66655,170.61282,8.33736,173.02127,,,,169.44221,7.685783,168.34512,168.84703,8.9431095,167.5314,163.86205,9.9706335,163.94254,163.2429,4.156384,162.82704,167.97107,5.096133,163.89078,163.68541,8.40353,163.90521,166.23413,8.959016,163.17926,165.84512,10.27966,162.71213,168.19673,4.7890897,166.73709,,,,,,
244,173.179,7.3688664,175.48456,172.19617,-0.77421546,173.46469,172.09364,0.393491,173.53944,173.17308,4.160096,175.46463,173.353,6.913975,175.74428,,,,,,,172.33694,-3.5776274,167.86879,172.76013,-4.630668,169.27328,173.13364,1.5596639,176.24335,172.76578,-1.8382572,174.66605,,,,166.9653,-3.7235076,168.7509,169.19649,-4.974779,169.67746,173.13364,1.5596639,176.24335,,,,172.798,-1.7445655,174.73114,173.02646,0.2561911,174.75464,173.37968,1.3357303,175.4067,169.34195,-4.694617,167.21457,164.26485,-2.0887845,159.8288,167.68233,-3.6400495,164.4023,164.26485,-2.0887845,159.8288,,,,170.05035,2.9903908,171.26196,170.68028,6.6294947,172.67584,170.60228,8.388367,173.0687,,,,169.55698,7.699768,168.49184,168.8956,8.851065,167.5474,163.85237,9.963703,163.95744,163.36507,4.081121,163.20837,168.02681,5.092669,163.9453,163.85503,8.461456,164.08865,166.60513,8.919925,163.59566,165.84358,10.265053,162.88689,168.39616,4.709254,166.97694,,,,,,
245,173.18295,7.3081503,175.47453,172.17776,-0.80120975,173.52681,172.22447,0.34048882,173.68602,173.20773,4.1157484,175.48732,173.40752,6.55135,175.78053,,,,,,,172.79231,-3.73736,168.31448,172.82358,-4.646064,169.34512,173.12924,1.5579858,176.34773,172.77582,-1.8620363,174.77101,,,,167.05527,-3.7784219,168.92958,169.20872,-5.072087,169.65686,173.12924,1.5579858,176.34773,,,,172.85712,-1.7658676,174.78575,173.06174,0.17271693,174.86307,173.40685,1.2990704,175.52,169.97446,-4.754133,167.84041,164.25491,-2.0445762,159.87302,167.74008,-3.675256,164.48914,164.25491,-2.0445762,159.87302,163.24994,8.701874,160.54501,170.05061,3.010255,171.33653,170.69446,6.606879,172.77272,170.54886,8.356036,173.16995,,,,169.6175,7.6112447,168.52867,,,,163.79521,10.072807,164.09251,163.31625,4.0817304,163.35834,168.27777,5.149991,164.1962,163.88579,8.577346,164.1549,167.11592,8.884409,164.10835,166.0553,10.139767,163.11354,168.5922,4.6573696,167.18002,,,,,,
246,173.18777,7.3415747,175.4783,172.27069,-0.7481626,173.64276,172.2876,0.33335388,173.72162,173.20486,4.1197343,175.52162,173.37776,6.6407733,175.77284,,,,,,,172.8188,-3.739654,168.3403,172.99695,-4.786219,169.54684,173.17015,1.546352,176.38881,172.758,-1.7856638,174.74771,,,,167.11406,-3.8638325,168.98105,169.17166,-5.0302243,169.7234,173.17015,1.546352,176.38881,,,,172.87285,-1.6889282,174.79788,173.15695,0.24608538,174.97234,173.48358,1.2788421,175.6189,169.97424,-4.7808294,167.87907,164.31311,-1.9192557,159.9303,167.88649,-3.798731,164.64653,164.3115,-1.9062629,159.93272,163.47803,8.720494,160.8051,170.00833,3.0227804,171.334,170.6906,6.634141,172.79282,170.51709,8.488108,173.268,,,,169.60556,7.6106353,168.55548,,,,163.75034,10.228767,164.14177,163.53694,4.060062,163.67195,168.36081,5.1560345,164.3282,163.84438,8.578616,164.148,167.4346,8.801224,164.48866,166.86987,10.036073,163.97981,168.63202,4.531785,167.21939,,,,,,
247,,,,172.3439,-1.0694788,173.73041,172.4192,-0.04992723,173.73213,173.23836,4.116721,175.55571,173.36789,6.6277885,175.88214,,,,,,,173.59987,-3.498271,167.9245,173.14445,-4.799776,169.69156,173.28014,1.3589375,176.44453,172.79305,-1.7968544,174.78058,,,,167.18286,-4.1881166,169.33388,169.09688,-5.0929704,169.75963,173.28014,1.3589375,176.44453,,,,172.9748,-1.7530446,174.85835,173.29155,-0.18315645,175.09413,173.48877,1.1972162,175.72426,169.83833,-4.8080726,168.09784,164.31099,-1.9063002,159.9335,167.78455,-3.8498495,164.86897,164.28658,-1.7072505,159.97049,163.49638,8.597755,160.8418,169.93105,2.8588705,171.37039,170.69005,6.5955276,172.90819,170.46515,8.487495,173.34584,,,,169.77502,7.688595,168.80074,,,,163.74203,10.252282,164.25603,163.50589,4.074934,163.73605,168.52313,5.026142,164.51888,163.82658,8.561438,164.23053,167.86375,8.748686,164.93831,167.5214,10.083439,164.68047,168.63344,4.5162787,167.28918,,,,,,
248,,,,172.50674,-1.0845183,173.89488,172.42026,-0.12389756,173.76259,173.31381,4.2352924,175.62794,173.41747,6.6619935,175.93115,,,,,,,173.77324,-3.3504324,167.74495,172.97868,-4.7892056,170.06082,173.3216,1.3032986,176.4369,,,,,,,167.07333,-4.198685,169.5696,169.08727,-5.105632,169.77583,173.3216,1.3032986,176.4369,,,,173.22748,-1.7483749,175.11366,173.39821,-0.31503785,175.20782,173.51268,1.1399845,175.75412,169.97646,-4.8193307,168.23462,164.474,-1.9275329,160.08823,167.78738,-3.8699858,164.86505,164.44801,-1.7152839,160.12769,163.57365,8.538872,160.9183,169.70668,2.3249612,171.20337,170.66809,6.594678,172.9464,170.53186,8.481432,173.425,,,,,,,,,,163.74203,10.252282,164.25603,163.44511,3.9498456,163.72343,,,,163.72177,8.594791,164.40869,168.10466,8.733054,165.17615,167.54178,10.04986,164.70207,168.82266,4.4851522,167.47215,,,,,,
249,,,,172.60744,-1.1312761,173.99751,172.48021,-0.18919224,173.94044,173.31998,4.409388,175.68729,173.39786,6.8713794,176.02072,,,,,,,173.9164,-3.271588,167.88358,173.09853,-4.800327,170.17874,173.37253,1.2538633,176.49026,172.86975,-2.0094855,174.78705,,,,167.08939,-4.199896,169.5859,169.07483,-5.121123,169.78822,173.37253,1.2538633,176.49026,,,,173.35825,-1.7668053,175.07126,173.44872,-0.32221606,175.30045,173.59285,1.0843935,175.83691,170.15233,-4.9438586,168.4179,164.73477,-1.9643698,160.34225,168.08617,-3.840892,165.17642,164.70882,-1.7517927,160.38177,163.9406,8.482491,161.31696,169.70601,2.3213072,171.20276,170.68591,6.5360746,172.95769,170.56967,8.495921,173.46869,,,,,,,,,,163.6562,10.228492,164.40552,163.54178,4.147697,163.8161,168.51212,4.996278,164.56287,163.71237,8.558853,164.40111,168.31117,8.646279,165.38278,167.94456,10.05936,165.16565,168.85072,4.364902,167.48056,,,,,,
250,173.08353,7.514084,175.5311,172.63179,-1.0424811,174.10474,172.5191,-0.25800052,174.00949,173.27335,4.389266,176.13824,173.42259,6.8692355,176.04594,173.43233,-2.6844249,174.1519,,,,174.34605,-2.9976928,168.19865,173.09293,-4.748975,170.52951,173.42854,1.0666083,176.52783,,,,,,,167.23169,-4.221929,169.91924,169.82822,-5.237403,170.52647,173.42058,1.1272527,176.54245,,,,173.41438,-1.7969751,175.11967,173.51305,-0.38640818,175.34647,173.63705,0.81118417,175.87933,170.15233,-4.9438586,168.4179,164.7256,-1.823171,160.35742,168.27715,-3.8442593,165.331,164.7256,-1.823171,160.35742,163.67003,7.6247687,161.41718,169.61206,2.293784,171.36316,170.69214,6.522809,172.9736,170.52046,8.508617,173.43222,,,,169.96167,7.632613,169.60248,,,,163.5941,10.296469,164.66353,163.80188,3.393189,164.11171,,,,163.64021,8.499431,164.33202,168.61296,8.688839,165.7036,168.65936,9.91862,165.95581,168.91585,4.345766,167.871,169.71231,0.30361632,165.1389,167.79909,0.25014406,168.29051
251,172.96843,7.496555,175.73494,172.72505,-1.0173589,174.04657,172.54564,-0.27252656,174.06294,173.30243,4.3362103,176.16966,173.37845,7.1110287,176.13101,173.60135,-2.7010272,174.32196,,,,174.57414,-2.734667,168.38966,173.1704,-4.715552,170.63402,173.53354,1.0111074,176.62099,,,,,,,167.26094,-4.2176747,170.31023,169.98767,-5.265939,170.73293,173.52675,1.0610174,176.63345,,,,173.37213,-1.7719314,175.24524,173.61273,-0.45128378,175.47565,173.68546,0.80493677,175.92796,170.31981,-4.8511586,168.5826,164.87428,-1.9637365,160.489,168.27386,-3.825959,165.40501,164.87428,-1.9637365,160.489,163.7305,7.6088758,161.4898,169.72672,2.145927,171.55573,170.66408,6.2851443,172.95396,171.07712,8.417724,172.2399,,,,170.47623,7.18617,170.15546,,,,163.65385,10.14338,164.76857,164.09224,4.087027,164.43108,168.47624,4.759966,164.61314,163.67093,8.419156,164.42075,168.92606,8.448173,166.10541,168.82422,9.800913,166.09569,168.95415,4.3499827,167.94363,169.88272,0.23473334,165.28683,,,
252,172.92969,7.4767694,175.92097,172.77199,-1.0217997,174.10915,172.78125,-0.27339002,174.37462,173.34265,4.2013063,176.21066,173.31349,7.1065016,176.29189,,,,,,,174.69919,-2.7123458,168.50984,173.12128,-4.7208147,170.73808,173.5738,0.90253145,176.66518,,,,,,,167.25406,-4.162026,170.34142,170.21269,-5.298819,171.167,173.53355,0.95033365,176.73892,,,,173.48494,-1.7733525,175.35927,173.63953,-0.53709877,175.57297,173.71472,0.7396889,176.2147,170.2963,-4.8541746,168.66507,165.01266,-2.010893,160.61697,168.2911,-3.8470135,165.43513,,,,163.78127,7.535612,161.66585,169.74112,2.162727,171.58244,170.84274,6.2446527,172.69714,171.10649,8.108204,172.2687,,,,170.6045,7.0567174,170.44003,,,,163.58534,10.069959,164.8681,164.07301,4.0302186,164.46095,168.60005,4.723856,164.71771,163.64128,8.386296,164.45488,168.96085,8.294166,166.14821,168.83458,9.767437,166.21953,169.08124,4.334156,168.22473,170.12218,0.16816543,165.5159,,,
253,172.90385,7.4440556,176.0002,172.77744,-1.03042,174.12793,172.75749,-0.24514341,174.43277,173.62741,4.1864057,176.19943,173.35994,7.0918403,176.45378,,,,,,,174.69908,-2.7459388,168.51036,173.15938,-4.789364,170.90459,173.56221,0.8896727,176.74945,,,,,,,167.14308,-4.189176,170.58377,170.0297,-5.303617,171.09253,173.5495,0.96729964,176.77274,,,,173.55354,-1.743995,175.4125,173.6038,-0.54265183,175.69604,173.73344,0.73176754,176.34352,170.3642,-4.866279,168.77916,165.44673,-2.1296446,161.18019,168.32034,-3.8921263,165.46512,,,,163.81882,7.5236025,161.83464,169.7447,2.1287293,171.57631,170.83658,6.305178,172.7079,171.16867,8.0943165,172.33199,,,,170.97835,7.0185647,170.94296,169.86035,8.407625,169.9086,163.54033,10.069175,164.93782,164.13034,4.186286,164.50449,168.57417,4.5105457,164.67474,163.62541,8.384588,164.51968,169.18486,8.27734,166.43619,169.22858,9.685203,166.75098,169.07076,4.305255,168.33331,170.16656,0.16672237,165.54012,,,
254,172.9353,7.4138966,176.02473,172.82076,-1.0065726,174.28293,172.81793,-0.09905178,174.56296,173.73318,4.181012,176.30704,173.1267,7.0463862,176.76219,,,,,,,174.76718,-2.769976,168.64064,173.13759,-4.8067775,170.93796,,,,,,,,,,167.13199,-4.202745,170.8128,170.03722,-5.262904,171.10602,,,,,,,,,,173.64536,-0.50667244,175.86798,173.8407,0.7212443,176.45604,170.36372,-4.8627925,168.77992,165.46494,-2.1532164,161.291,168.3628,-3.9090135,165.57343,,,,163.9962,7.314148,162.09816,169.75836,2.0937922,171.56183,170.8865,6.385293,172.78215,171.05447,8.140696,172.53018,,,,171.20674,6.799822,171.23354,170.06195,8.256642,170.17436,163.62546,10.07703,165.02237,164.30313,4.3601394,164.66962,168.7357,4.494113,164.73637,163.66437,8.382356,164.55907,169.26012,8.32829,166.50737,169.22858,9.685203,166.75098,169.05103,4.3172193,168.3684,170.21257,0.19152157,165.67754,170.29323,0.2085692,165.54355
255,172.97995,7.4392867,176.05144,173.18375,-1.0489603,174.6498,172.9391,-0.115048476,174.77094,173.74088,4.1803174,176.31488,173.13634,7.013663,176.84962,,,,,,,174.82492,-2.9373362,168.78345,173.25261,-4.844671,171.13652,,,,,,,,,,167.28096,-4.1026254,171.07642,170.1285,-5.2752304,171.21916,,,,,,,,,,173.64674,-0.35811946,175.91971,173.84207,0.68929714,176.46503,170.58598,-4.8340244,169.08643,165.5879,-2.2513397,161.48972,168.47739,-3.9359896,165.68643,165.5879,-2.2513397,161.48972,164.24849,7.244381,162.43861,169.82916,2.0796466,171.6283,170.90172,6.405366,172.90598,170.92581,8.136478,172.75464,,,,171.21248,6.7691264,171.31651,170.61801,8.2100935,170.82173,163.6336,10.072861,165.02046,164.36122,4.335326,164.70764,168.92497,4.643034,164.911,163.70149,8.398078,164.52016,169.32104,8.339293,166.48451,169.23021,9.709734,166.7544,169.09323,4.2860556,168.48795,170.2794,0.11384401,165.80307,170.38449,0.19651535,165.62833
256,,,,173.14525,-1.0559145,174.78915,172.89964,-0.12195962,174.91563,173.82649,4.157776,176.59286,173.19846,6.761072,177.08334,,,,,,,174.85782,-2.9763544,168.80798,173.40648,-4.9204473,171.37456,,,,,,,,,,167.24121,-3.9497285,171.59982,170.11992,-5.297737,171.25262,,,,,,,,,,173.80684,-0.2827271,176.18347,173.84854,0.71031106,176.508,170.64035,-4.9288335,169.26233,165.7229,-2.2712314,161.65477,168.63719,-3.93382,165.84843,165.7229,-2.2712314,161.65477,164.33969,7.2690673,162.61328,170.09369,2.5092144,171.8376,171.00186,6.3299446,173.17918,170.84976,8.27262,172.88217,,,,171.54807,6.7170773,171.77492,170.60576,8.101271,170.93333,163.75098,10.072791,164.62767,164.4832,3.940056,164.73885,168.9685,4.2441335,164.83995,163.82524,8.381971,164.4485,169.291,8.326283,166.53423,169.2693,9.722133,166.60869,169.18155,4.2818327,168.5761,170.31303,0.2177286,165.92102,170.33629,0.21911234,165.88228
257,173.04115,6.9458146,176.33302,173.25073,-1.0905861,174.9211,173.03766,-0.12342385,175.08199,173.85316,4.1145787,176.63983,173.37637,6.6267514,177.26172,,,,,,,174.94576,-3.0091348,168.95941,173.5346,-4.935966,171.54887,,,,173.41588,-2.3210204,175.74792,,,,167.34991,-4.0270624,171.71423,170.08882,-5.407075,171.2448,,,,,,,,,,173.87825,-0.29981637,176.43083,174.00586,0.7301478,176.67952,170.6792,-4.934915,169.34502,166.0728,-2.304807,162.05132,168.76775,-3.9402163,165.92076,166.0728,-2.304807,162.05132,164.33102,7.1936727,162.6082,170.07123,2.489715,171.87625,171.13283,6.296717,173.33939,170.83711,8.272194,172.90425,,,,171.55199,6.703027,171.7719,,,,163.71361,10.082612,164.55092,164.50085,3.7434928,164.62614,168.91406,4.020794,164.77103,163.84178,8.491472,164.46472,169.32114,8.33301,166.56378,169.19473,9.692996,166.52579,169.29059,4.2965074,168.69139,170.3808,0.09505423,165.88605,,,
258,173.1006,6.9267507,176.71123,173.22559,-1.1281104,174.96971,173.16135,-0.07889429,175.41853,173.92262,3.8837888,176.8034,173.30452,6.58823,177.39357,,,,,,,174.91562,-3.0115168,169.013,173.51013,-5.020573,171.6105,,,,,,,,,,167.4168,-3.9551399,171.7827,170.28232,-5.435344,171.56699,,,,,,,173.8375,-1.9439582,176.27214,173.90248,-0.3401808,176.50914,174.16914,0.67637706,176.83449,170.78622,-4.935278,169.54056,166.10622,-2.4061913,162.15625,169.06395,-3.982872,166.21243,166.10622,-2.4061913,162.15625,164.5952,7.1716146,162.86874,170.10107,2.4521134,171.91293,171.1178,6.2941537,173.40862,170.83217,8.271774,173.25838,,,,171.90076,6.710273,172.1323,,,,163.7219,10.126742,164.55658,164.57787,3.7146976,164.5355,168.92802,4.111532,164.82356,163.87299,8.533133,164.42242,169.30928,8.35184,166.51607,169.20021,9.726323,166.52985,169.52988,4.3682494,168.47702,,,,,,
259,173.05191,6.869781,176.80997,173.24554,-1.1211659,175.0397,173.12029,-0.077279836,175.50853,173.89651,3.730496,176.85635,173.44919,6.260204,177.58498,173.82309,-2.7522097,175.4501,,,,174.9327,-3.0617104,169.02203,173.59912,-5.080245,171.8177,,,,173.7577,-2.6891782,176.23227,,,,167.57875,-4.019292,171.92323,170.30093,-5.525441,171.58665,,,,,,,173.82956,-1.9805505,176.28911,174.10828,-0.76369363,176.68457,174.18272,0.67408556,176.93408,170.80226,-5.0007167,169.67732,166.06702,-2.4318626,162.21747,169.23831,-4.0933266,166.27396,166.06702,-2.4318626,162.21747,164.82414,6.991251,162.9146,170.0718,2.2949264,171.94853,171.0698,6.284116,173.49287,170.78427,8.26686,173.34259,,,,171.98419,6.5829954,171.9765,171.88423,7.7906737,172.46318,163.73439,10.099073,164.53787,164.60947,3.7179773,164.44682,168.90498,3.9853675,164.79361,164.04929,8.497168,164.59233,169.28592,8.446681,166.50201,169.15903,9.723484,166.59793,169.63353,4.388086,168.58301,,,,,,
260,173.0433,6.8172827,177.32008,173.39305,-1.0815622,175.26044,173.29031,-0.043507725,175.71571,173.89317,3.6764078,176.87093,173.43102,6.219877,177.65051,173.86664,-2.800556,175.89937,,,,174.92299,-3.0621643,169.11067,173.62967,-5.083239,171.84798,,,,173.81299,-2.8272848,176.6506,,,,167.64963,-4.0611787,171.9113,170.32788,-5.481953,171.63747,,,,,,,173.98303,-2.1449683,176.5342,174.12431,-0.7692684,176.7309,174.20474,0.6719348,176.9565,170.98856,-5.0672994,169.86295,166.02168,-2.436019,162.28825,169.49417,-4.0547557,166.40472,166.02168,-2.436019,162.28825,164.86687,7.1067505,162.92827,170.2686,2.2397497,172.13591,170.99823,6.2923355,173.66066,170.88512,8.167328,173.4209,,,,173.3381,6.3556876,173.33794,173.0204,7.6308637,173.61081,163.78885,10.070274,164.58035,164.6203,3.6767013,164.4397,168.73518,3.8643289,164.52257,164.17526,8.566228,164.43373,169.11656,8.457712,166.33473,169.04596,9.676377,166.81685,169.67986,4.418444,168.62834,,,,,,
261,172.92317,6.7875504,178.10806,173.52985,-1.1302063,175.39473,173.29898,-0.026597928,175.7905,173.71298,3.5724056,177.28258,173.2475,6.16302,177.98825,173.87201,-2.7838862,175.90398,,,,174.85194,-3.0918195,169.22466,173.71112,-5.071566,171.95123,,,,173.96103,-2.8438406,176.80084,,,,167.7597,-3.9918568,171.90718,170.3562,-5.48473,171.77046,,,,,,,174.04129,-2.1997564,176.83745,174.30489,-0.82930666,176.98804,174.40736,0.6626579,177.13898,170.99765,-5.024072,169.8716,166.1456,-2.4766703,162.39915,169.6223,-3.9863005,166.38463,166.1456,-2.4766703,162.39915,165.00989,7.090848,163.06804,170.33278,2.1362493,172.25362,170.87799,6.2717414,173.70755,170.74855,8.2376,173.68843,,,,173.4673,6.450049,173.46655,173.14182,7.686119,173.73096,163.89978,10.091195,164.70067,164.65776,3.4836535,164.52492,168.75574,3.0776737,164.229,164.32791,8.581716,164.55943,169.12122,8.453832,166.3271,169.05284,9.609895,166.8055,,,,,,,,,
262,173.0509,6.761405,178.30663,173.39708,-1.1638196,175.84352,173.41731,-0.04058119,175.9576,173.8209,3.5046544,177.40306,173.34102,6.0820103,178.1949,174.02707,-2.7395155,176.05988,,,,174.714,-2.9908614,169.13942,173.76697,-5.2225075,171.98499,,,,174.04837,-2.8528535,176.88979,,,,167.88368,-4.019292,171.96211,170.38739,-5.4840684,171.80313,,,,,,,174.10243,-2.3187263,176.93163,174.4083,-0.8456667,177.19325,174.5543,0.48625085,177.29388,170.99129,-5.0205393,169.88249,166.19658,-2.3436496,162.44879,169.63976,-3.943179,166.40291,166.19658,-2.3436496,162.44879,165.37244,8.456456,163.35323,170.35283,2.1346018,172.27394,170.6097,6.3242283,173.8763,170.64052,8.265045,173.63033,,,,173.44731,6.3680205,173.60756,173.19313,7.645493,173.75209,163.9075,10.046967,164.67012,164.6624,3.4833775,164.52956,168.7427,3.0129662,164.21826,164.34302,8.582077,164.53593,169.13704,8.336639,166.29906,168.86299,9.649029,166.61592,169.15054,4.2487555,169.58224,170.59576,-0.22658175,166.6945,,,
263,172.99477,6.705302,178.41621,173.50943,-1.2748461,176.01236,173.58145,-0.059615925,176.18137,173.7966,3.6491523,177.48193,173.5315,6.060935,178.47693,174.2629,-2.7636373,176.29889,,,,174.47282,-3.085151,169.09395,173.93524,-5.1156883,172.13959,,,,174.21045,-2.634448,177.04974,,,,168.14824,-3.9616609,171.98274,170.767,-5.3446555,172.22516,,,,,,,174.19957,-2.3583012,177.09064,174.4197,-0.92298764,177.23425,174.8114,0.5207131,177.549,170.7543,-5.0001597,169.64691,166.66634,-2.3691633,162.87311,169.68364,-3.946598,166.446,166.66634,-2.3691633,162.87311,,,,170.28723,1.8170452,172.54141,170.61537,6.379399,173.89243,170.58157,8.290887,173.70416,172.95181,2.20501,171.89009,173.7704,6.1986217,173.98097,173.33029,7.7184467,173.89537,163.8476,10.022814,164.57143,165.05243,3.2390623,164.92624,168.48434,2.5782743,163.97845,164.34451,8.582111,164.53362,169.14449,8.253701,166.26477,168.87437,9.649276,166.59715,169.4215,4.22576,169.89375,170.6643,-0.23325454,166.78607,,,
264,173.15103,6.668815,178.63673,173.52126,-1.352878,176.02812,173.60036,-0.10400734,176.2275,174.15973,3.5753365,177.97913,173.54608,5.952118,178.48935,174.27132,-2.8023534,176.31108,,,,174.37694,-3.1127546,169.2533,173.96469,-5.0816493,172.13,,,,,,,,,,168.2844,-4.044882,172.08058,170.77032,-5.358239,172.2238,,,,,,,174.203,-2.4076824,177.15468,174.53046,-0.96393186,177.53572,174.6957,0.5256485,177.82803,170.73228,-4.9042397,169.74062,166.67216,-2.4299314,162.87553,169.6228,-3.9557436,166.6205,166.66951,-2.4075298,162.87973,165.75316,8.430258,163.79422,170.2731,1.8318217,172.58527,170.52386,6.3862023,173.96977,170.33435,8.311849,173.50667,172.95123,2.2205746,171.89417,173.77676,6.1980963,173.98738,173.55563,7.700052,174.12242,163.8633,10.025932,164.54704,165.31604,2.930604,165.63539,168.23854,2.8471627,164.34564,164.43628,8.571871,164.62798,169.16293,8.252491,166.28299,168.94438,9.6483135,166.61353,169.4405,4.1385326,169.93294,170.66367,-0.30159047,166.79135,,,
265,173.1536,6.5715475,178.62451,173.936,-1.5153909,176.4476,173.61719,-0.14208333,176.21687,174.14217,3.6205335,178.10037,173.72134,5.8582344,178.67628,174.4457,-2.821963,176.51332,,,,174.35283,-3.1596339,169.27245,174.1545,-5.1177697,172.27884,174.77765,0.48461893,178.85675,174.17241,-2.525876,177.26424,,,,,,,170.96414,-5.3774247,172.44171,,,,,,,174.22133,-2.4084775,177.1737,174.55249,-0.9554498,177.58435,174.74048,0.4847305,178.26164,170.74522,-4.891927,169.74248,166.70683,-2.44796,162.90942,169.5169,-3.9694839,166.8442,166.70418,-2.4255543,162.91362,165.94794,8.337375,164.09016,170.44662,1.8524646,172.82634,170.51843,6.3859863,173.9793,170.29305,8.315003,173.46501,173.10211,2.2503893,172.05711,174.20764,6.1501627,174.37538,173.76549,7.799022,174.32983,163.8723,10.042456,164.53996,165.37091,2.9272668,165.69046,168.2166,2.8942275,164.3811,164.4295,8.277283,164.6455,169.19084,8.250658,166.31053,168.9826,9.681508,166.55045,169.44942,4.0961337,169.94432,171.10014,-0.32391846,167.22267,,,
266,173.26515,5.7977314,178.90364,173.88245,-1.5280511,176.56123,173.80342,-0.33601534,176.40598,174.28485,3.5646322,178.43085,173.69853,5.662199,178.65993,174.57983,-2.8465738,176.8165,,,,174.47635,-3.2594075,169.44835,174.28438,-5.108779,172.08041,174.80643,0.46765456,178.88165,,,,,,,,,,171.08946,-5.418376,172.72815,174.73901,0.47760415,179.00839,,,,174.35992,-2.434089,177.49379,174.69157,-0.96198624,177.78856,174.77232,0.40262443,178.26797,170.8896,-4.9985685,169.85298,166.95201,-2.6366825,163.19185,169.72058,-4.0290394,167.40875,166.92868,-2.4410956,163.2288,,,,170.60498,2.065517,173.1411,170.43805,6.4161406,173.96028,170.2143,8.318919,173.43814,173.10484,2.2640984,172.16998,174.41888,6.1387305,174.60217,173.9302,7.7584,174.61693,163.8723,10.042456,164.53996,165.38454,2.5589051,165.51329,168.22948,2.874603,164.45862,164.3893,8.384249,164.73328,169.20332,8.302358,166.43527,169.04414,9.739776,166.62856,169.50331,4.0322165,170.1106,171.21628,-0.36417478,167.41133,,,
267,,,,174.05763,-1.5355504,176.77495,173.9829,-0.39076552,176.61307,174.44531,3.543763,178.6367,173.7923,5.532007,178.98625,174.61945,-2.8575597,176.91132,,,,174.30205,-3.2837985,169.81207,174.4896,-5.107305,172.24835,174.90576,0.44643012,179.1751,174.2616,-2.546648,177.50317,,,,,,,171.07985,-5.4244304,172.77045,174.88226,0.4592071,179.21938,,,,174.53441,-2.4522846,177.67172,174.73076,-0.88990927,177.89357,174.93854,0.36966902,178.43854,170.90663,-5.002257,169.84892,166.88399,-2.6560578,163.36469,169.7518,-4.0373864,167.4516,166.88399,-2.6560578,163.36469,166.5204,8.001802,164.78563,170.59807,2.1325037,173.1915,170.40591,6.428043,173.98187,170.15024,8.35195,173.5266,173.51384,2.2971017,172.6193,174.61626,6.1786356,174.80731,174.34683,7.7216887,175.07951,163.9755,10.031541,164.6296,165.5256,2.6023557,165.55893,168.4408,2.9562068,164.71486,164.47179,8.378187,164.85515,169.24434,8.345736,166.55788,169.20152,9.683921,166.76689,169.53403,4.0575104,170.17621,171.26712,-0.20421629,167.48175,,,
268,173.35287,5.7545314,179.97926,174.12668,-1.454644,176.86328,173.97955,-0.40038687,176.78108,174.49101,3.478176,178.71532,174.00214,5.5430655,179.44572,174.5993,-2.8715105,176.97702,,,,174.50465,-3.3069522,170.11984,174.5808,-5.010523,172.21161,174.98647,0.45212236,179.26266,174.31831,-2.5643847,177.5613,,,,,,,171.29317,-5.4600325,173.07036,174.9351,0.4487957,179.3597,,,,174.58667,-2.4712558,177.78491,174.96675,-0.8904079,178.18086,174.95438,0.365053,178.63814,171.15044,-5.1051016,170.06253,166.95352,-2.869948,163.47772,169.94771,-4.054281,167.66473,166.9688,-2.6646116,163.45354,166.59134,7.9962397,164.8808,170.76028,2.2567403,173.43689,170.39127,6.4274526,174.0075,170.12093,8.300922,173.60098,173.74812,2.2787383,172.93262,174.66449,6.2600884,174.86197,174.82112,7.681135,175.64265,163.97707,10.047938,164.63399,165.60571,2.5137181,165.71764,168.42249,2.8731465,164.75246,164.47379,8.375375,164.93848,169.35565,8.392938,166.8276,169.20152,9.683921,166.76689,169.69958,4.009597,170.42384,171.40869,-0.38125378,167.71289,,,
269,173.62097,5.72506,180.36377,174.1451,-1.5507877,176.96979,173.98363,-0.37606847,176.78455,174.48488,3.2475297,178.7268,173.9511,5.548552,179.54417,174.84154,-2.868738,177.22243,,,,174.34062,-3.3202236,170.41212,174.81775,-5.007699,172.45532,174.98622,0.57265353,179.2841,174.3382,-2.5857434,177.74815,,,,,,,171.29317,-5.4600325,173.07036,,,,,,,174.61266,-2.4377205,177.75108,174.91536,-0.8708983,178.27722,175.16881,0.4120286,178.8843,171.15567,-5.1263933,170.05757,167.03853,-2.8996599,163.72179,170.19833,-4.0745792,167.91217,167.07652,-2.676918,163.66132,166.60876,8.023956,164.97044,170.77963,2.4402256,173.62762,170.38605,6.4261575,174.04153,170.08977,8.31751,173.70915,173.68703,2.2777376,173.0437,174.7769,6.250579,174.97484,174.79109,7.6370783,175.78815,164.05534,10.059673,164.71788,165.82645,3.2843196,165.81984,168.49222,3.0557687,164.98407,164.59595,8.36731,165.12856,169.35709,8.395011,166.82768,169.21538,9.649421,166.75577,169.64502,3.9930718,170.52536,,,,,,
270,173.71384,5.853731,180.56895,174.30345,-1.5555899,177.17586,174.1703,-0.18780512,177.2976,174.69939,3.2106917,179.25494,174.0776,5.406243,180.21446,174.87686,-2.8627937,177.41151,,,,174.453,-3.3466287,170.55397,174.81122,-4.952666,172.46759,,,,174.43011,-2.6829627,177.87993,,,,,,,171.46484,-5.485927,173.3901,,,,,,,174.7783,-2.4205196,178.07098,174.96182,-0.5924928,178.45746,175.09444,0.3161364,179.00069,171.33781,-5.1283016,170.24512,167.25693,-3.105938,163.9692,170.28322,-4.0866084,168.08026,167.27225,-2.9084637,163.94475,166.60234,7.9766345,164.96402,170.79001,2.67019,173.67923,170.38521,6.7256,174.12595,170.05937,8.299872,173.6974,173.90172,2.4695046,173.3324,174.83882,6.276772,175.21341,174.98535,7.620361,175.9857,164.01724,10.067446,164.78664,165.81013,3.5220532,165.86249,168.70326,3.3811736,165.25438,164.63896,8.38048,165.26512,169.38272,8.413931,166.79266,169.24236,9.606887,166.71112,169.76448,4.0421095,170.65587,,,,,,
271,173.72173,5.8952527,180.73453,174.4376,-1.5363715,177.44221,174.20451,-0.22538576,177.51703,174.78809,3.2833333,179.4728,174.21338,5.527636,180.35081,174.98775,-2.8303456,177.55121,,,,174.50278,-3.4300861,170.77158,174.81775,-4.9265823,172.56825,,,,174.45583,-2.683154,177.91866,,,,,,,171.46161,-5.4563117,173.4102,,,,,,,174.93321,-2.3522425,178.12888,175.03992,-0.5703176,178.68977,175.1897,0.38342646,179.12367,171.4598,-5.147182,170.53671,167.36777,-3.1242304,164.24677,170.50912,-4.1971087,168.38535,167.4302,-3.1036434,164.14684,166.54459,8.003231,164.97998,170.81235,3.001693,173.84517,170.47751,6.622112,174.22118,170.09804,8.256888,173.87009,173.91075,2.8004417,173.56808,174.87477,6.2813754,175.2561,174.99188,7.658946,175.98938,163.98885,10.091706,164.8308,165.8148,3.5472047,165.8551,169.11755,3.518964,165.84996,164.67729,8.378218,165.3038,169.36584,8.413395,166.82187,169.22949,9.625763,166.7418,169.90846,4.045213,170.95668,,,,,,
272,174.04858,6.1060433,181.01872,174.46927,-1.5458623,177.48645,174.25291,-0.22498772,177.56816,174.94852,3.499964,179.96024,174.51085,5.663143,180.7569,,,,,,,174.56628,-3.5917432,170.80849,174.9093,-4.917019,172.66287,,,,174.45663,-2.7316933,177.89003,,,,,,,171.46019,-5.4707127,173.55496,,,,,,,175.09616,-2.2208982,178.30827,175.10345,-0.56991583,178.75694,175.3833,0.41558686,179.33835,171.55981,-5.154286,170.63626,167.38457,-3.2370296,164.26355,170.54663,-4.284214,168.42892,167.38457,-3.2370296,164.26355,166.41577,8.134978,165.09442,170.9014,3.024846,173.94563,170.5167,6.5858235,174.2517,170.0918,8.176836,173.85968,174.21985,2.830661,173.89342,174.97682,6.3612247,175.53345,175.16293,7.744685,176.1342,164.31271,10.0278,165.16322,165.93932,3.7563155,166.02438,169.36894,3.964456,166.17172,165.02097,8.349457,165.63521,169.36192,8.403163,166.8209,169.19666,9.632717,166.71059,169.97742,3.9104464,170.97942,,,,,,
273,174.58394,6.18933,181.71552,174.48906,-1.5483706,177.51466,174.21233,-0.32973155,177.64302,174.95737,3.6393266,180.13261,174.60991,5.631531,181.166,,,,,,,174.54736,-3.6110508,171.11964,174.95883,-4.9167356,172.77797,,,,174.52814,-2.642947,177.84274,,,,,,,171.61273,-5.4875712,173.81615,,,,,,,175.12856,-2.1267161,178.3743,175.26128,-0.5861106,179.03787,175.5774,0.5063438,179.52708,171.59514,-5.1792345,170.74971,167.38364,-3.28069,164.31326,170.46558,-4.313418,168.6808,167.38364,-3.28069,164.31326,165.17752,8.4591675,163.89485,170.90698,3.0190547,174.05798,170.5167,6.5858235,174.2517,169.97144,8.181969,173.8445,174.20702,2.7569962,173.95837,174.98248,6.3607397,175.53914,175.23521,7.9857574,176.21915,164.36076,9.937064,165.21689,166.53125,3.7862155,166.63687,169.36964,4.0539856,166.21371,165.3245,8.331144,165.94144,169.34055,8.404585,166.79974,169.19218,9.675739,166.71797,170.0244,4.223481,171.15327,,,,,,
274,174.71991,6.2802773,181.85341,174.5381,-1.508008,177.68419,174.29713,-0.35284948,177.73003,175.23193,3.6379452,180.54762,174.96942,5.6213574,181.54321,,,,,,,174.6349,-3.5671015,171.20255,175.30997,-4.8626227,173.13358,,,,174.86633,-2.6135664,178.1902,,,,,,,171.79002,-5.436629,173.99516,,,,,,,175.07281,-2.2842958,178.43517,175.37491,-0.49490416,179.18321,175.70435,0.50525725,179.65694,171.86852,-5.3042173,171.02325,167.59123,-3.2940173,164.51706,170.58147,-4.3540463,168.76178,167.59123,-3.2940173,164.51706,165.17867,8.44997,163.89305,170.90154,2.9935107,174.05455,170.49913,6.474538,174.23846,169.97119,8.1804285,173.84431,174.28575,2.7502275,174.03712,174.9924,6.38136,175.55493,175.3375,7.9850035,176.03526,164.60487,9.745757,165.50389,166.72702,3.6353233,166.83607,169.34927,3.9683657,166.3453,165.29535,8.2975235,166.04697,169.3289,8.377896,166.79736,168.997,9.752704,166.5422,170.20227,4.076459,171.28575,171.89397,-0.2463653,168.61092,,,
275,174.67334,6.433325,182.14621,174.71204,-1.4921056,177.87273,174.68385,-0.3837847,178.23975,175.37996,3.619126,180.80457,175.13501,5.5927725,181.76047,,,,,,,174.54707,-3.5974736,171.82153,174.85544,-4.8199887,173.9649,,,,175.04826,-2.632909,178.37585,,,,,,,171.74863,-5.4402966,174.06856,,,,174.47188,-4.573729,177.33685,175.08388,-2.3291717,178.44714,175.55862,-0.5138716,179.3712,175.88419,0.54490286,179.85732,171.82602,-5.32663,171.38426,167.67355,-3.3739245,164.71786,170.5829,-4.3624797,168.89827,167.6666,-3.316166,164.72905,165.17827,8.42312,163.89365,170.98976,2.8453221,174.26418,170.63663,6.5233464,174.3972,170.04028,8.17368,173.94876,174.39453,2.7761717,174.29788,175.07692,6.275509,175.45929,175.48868,7.9352007,175.9103,164.71909,9.628884,165.68173,166.7978,3.6104567,167.03569,169.28206,3.7804556,166.36702,165.46053,8.287479,166.21375,169.35028,8.376481,166.81853,168.9995,9.767939,166.54402,170.30162,4.077325,171.51123,171.83302,-0.28568804,168.69772,,,
276,175.13626,6.54538,182.71883,174.70518,-1.431541,177.96979,174.70337,-0.24480812,178.34229,175.3675,3.6784828,180.87592,175.13902,5.648253,181.80766,,,,,,,174.61447,-3.6039984,171.88794,175.03036,-4.838275,174.13911,,,,175.01103,-2.6822903,178.4246,,,,,,,171.83272,-5.4484854,174.15385,,,,174.71889,-4.6067133,177.67393,175.10268,-2.3367388,178.55246,175.52931,-0.5076931,179.45508,175.85799,0.54253197,179.91699,171.9693,-5.2249775,171.61057,167.85219,-3.390469,164.97655,170.6587,-4.3785977,169.05617,167.84525,-3.3326468,164.98778,165.8346,6.6211696,164.72787,171.01373,2.8345454,174.28897,170.61258,6.461353,174.41685,170.05586,8.173676,173.97322,174.4108,2.9178472,174.44191,175.09254,6.274173,175.475,175.49306,7.967432,175.91348,164.82816,9.592117,165.78355,166.97057,3.618279,167.298,169.2836,3.7486715,166.41046,165.50162,8.284971,166.25523,169.3989,8.423803,166.8667,169.18729,9.755599,166.73206,170.4063,4.0913625,171.70917,171.92018,-0.44496408,168.87215,,,
277,175.43204,6.6401296,183.10957,174.69064,-1.4359229,178.06642,174.71422,-0.18526316,178.35193,175.6332,3.6489582,181.25938,175.41103,5.661229,182.18391,,,,,,,174.82939,-3.5570574,172.11343,,,,,,,174.99829,-2.650232,178.52194,,,,,,,172.545,-5.4814167,174.88971,,,,,,,175.31476,-2.4294512,178.86258,175.52234,-0.5764519,179.63026,175.88199,0.5332827,180.05586,171.93568,-5.186916,171.67107,167.84961,-3.3465493,165.0246,170.64838,-4.3858037,169.09657,167.84265,-3.2887235,165.03584,165.86588,6.5704703,164.79492,171.02637,2.78895,174.30069,170.67484,6.5228143,174.48666,170.06204,8.161723,174.03198,174.47707,2.9140894,174.50882,175.09254,6.274173,175.475,175.49785,8.088062,175.9293,164.999,9.562911,165.97115,166.86028,3.1445692,167.26898,169.25311,3.5928235,166.38527,165.55759,8.280276,166.34819,169.42421,8.439762,166.88167,169.15578,9.635095,166.66702,170.47577,4.1110854,171.87378,,,,,,
278,175.7688,6.7224035,183.47046,174.90462,-1.5147188,178.27138,174.73898,-0.18138762,178.3771,175.785,3.8319094,181.39835,175.56624,5.9649367,182.35625,,,,,,,174.98682,-3.5067902,172.13292,175.11891,-4.885846,174.23712,,,,175.22171,-2.7211242,178.73051,,,,,,,172.75703,-5.5414615,174.83614,,,,174.9261,-4.511232,178.00018,175.51724,-2.1647196,179.06276,175.6713,-0.6932986,179.74841,176.00006,0.5106578,180.17377,171.9284,-5.169877,171.71912,168.18793,-3.2813556,165.4475,170.75757,-4.316305,169.27147,168.17654,-3.186456,165.46603,165.9555,6.355598,164.95172,171.06009,2.7818007,174.41945,170.66702,6.516624,174.4875,170.06064,8.123175,174.02655,174.63013,2.9009256,174.66212,175.39243,6.413888,175.77223,175.49068,7.992194,175.9179,165.03972,9.478978,166.01302,167.2346,3.120936,167.64462,169.27046,3.5868814,166.50536,165.70876,8.113124,166.52574,169.44347,8.374293,166.89798,169.05865,9.471662,166.55933,170.5641,4.010393,172.00116,,,,,,
279,175.98996,6.748349,183.71904,174.90361,-1.5244266,178.27742,174.90155,-0.012864586,178.6598,175.79298,3.8204978,181.39731,175.99748,5.9226804,182.81297,,,,,,,174.99574,-3.5076666,172.14172,175.39322,-4.907193,174.28929,,,,175.2992,-2.7330203,178.81108,,,,,,,172.75583,-5.537401,174.83673,,,,,,,175.72177,-2.1871657,179.27315,175.68967,-0.8562993,179.7186,176.05154,0.3998037,180.14326,172.08687,-5.184643,171.96844,168.26389,-3.2856076,165.6406,170.9894,-4.3505607,169.60036,168.25304,-3.1951814,165.65825,165.84338,6.5644803,164.83054,171.10886,2.78247,174.56668,170.62471,6.5505238,174.4604,170.04166,8.143494,174.00531,174.6573,2.9569266,174.74635,175.4063,6.3964157,175.77379,175.47154,7.966693,175.95355,165.34314,9.41493,166.30711,167.50603,3.5775476,167.96434,169.28886,3.715356,166.639,165.74893,8.082355,166.56133,169.47441,8.364891,166.97496,169.11409,9.417871,166.69899,170.55687,4.0035453,172.0743,172.07031,-0.6577785,169.29332,,,
280,176.16032,6.8226767,184.00804,175.09677,-1.56045,178.50032,174.93614,-0.03514505,178.68974,176.00273,3.7207384,181.59062,176.22368,5.897352,183.10385,,,,,,,175.17189,-3.525019,172.31522,,,,,,,175.64096,-2.7605247,179.22148,,,,,,,172.7329,-5.702197,174.78561,,,,,,,175.71843,-2.1826196,179.30081,175.89775,-0.96661854,179.92099,176.23717,0.37656707,180.38582,172.13258,-5.1933227,172.02826,168.32205,-3.293382,165.76302,171.10767,-4.362982,169.75214,168.3112,-3.2029216,165.7807,165.78447,6.5331664,164.80716,171.08475,2.6944072,174.57042,170.64616,6.519189,174.48361,170.02005,8.147612,173.98378,174.69493,2.956788,174.72527,175.61499,6.3094583,175.905,175.45361,7.907567,176.01982,166.19983,9.167827,167.22507,167.56339,3.4238904,168.02464,169.48372,3.771316,166.81255,166.15247,8.055095,166.96889,169.495,8.272148,167.02794,169.04315,9.312966,166.81024,170.67764,3.953834,172.19582,172.14787,-0.33825114,169.43459,,,
281,176.39636,6.7700863,184.28366,175.15004,-1.5985746,178.57271,175.36632,-0.11672535,179.149,175.99817,3.686757,181.62674,176.20886,5.9205666,183.13992,,,,,,,175.15042,-3.6530128,172.38812,175.45195,-5.077072,174.29868,,,,,,,,,,170.22408,-4.2889113,173.96317,172.64941,-5.747627,174.70737,,,,,,,175.7278,-2.2284017,179.33209,176.15262,-0.86564034,180.21095,176.43675,0.34698808,180.7263,172.52509,-5.2330894,172.43202,168.18837,-3.251786,165.96991,171.17126,-4.4324193,169.833,168.28517,-3.2310593,165.81207,166.01024,7.553334,165.02213,171.10016,2.5867693,174.61502,170.65001,6.481721,174.47682,170.01543,8.11739,173.98045,174.74954,2.6960406,174.72255,175.6221,6.2751837,175.91098,175.46498,7.823333,176.09557,166.53996,8.965078,167.66228,168.17538,3.4127116,168.56639,169.62506,3.712701,167.02055,166.79759,7.966835,167.63165,169.56833,8.227081,167.10936,169.01999,9.309511,166.84857,170.71771,3.9226313,172.26746,172.26076,-0.6285819,169.50728,,,
282,176.43015,6.7461452,184.33755,175.2724,-1.6506451,178.84709,175.35887,-0.16113181,179.25894,176.07494,3.3881288,181.63773,176.2663,5.9849005,183.17235,,,,,,,175.43542,-3.6937912,172.67657,175.47093,-5.0791326,174.31757,,,,,,,,,,170.2399,-4.3394895,174.00383,172.64941,-5.747627,174.70737,,,,,,,175.71808,-2.244489,179.46686,176.18787,-0.8798466,180.31824,176.47867,0.30732262,180.79819,172.58098,-5.241148,172.52849,168.16846,-3.272249,166.00238,171.28021,-4.463551,169.95451,168.18837,-3.251786,165.96991,166.12817,7.6422877,165.13661,171.32974,2.5422087,174.97406,170.64806,6.423897,174.4682,170.0382,8.054392,173.93237,174.7428,2.6421297,174.753,175.6731,6.2707095,175.96223,175.43575,7.7298636,176.03917,166.60645,8.893744,167.75354,168.25937,3.8521473,168.64229,169.75357,3.8899071,167.13242,167.34196,7.6938396,168.19077,169.46916,8.115999,167.26416,169.0194,9.228518,167.0926,170.64644,3.8840873,172.39114,,,,,,
283,176.44083,6.7184424,184.34981,175.30878,-1.7278702,178.8908,175.36052,-0.17619821,179.31755,176.05202,3.3505476,181.68652,176.41151,5.963315,183.43355,,,,,,,175.48503,-3.6988,172.72546,175.7322,-5.041195,174.48999,,,,175.54974,-2.8191798,179.62236,,,,170.19572,-4.521922,174.27657,172.63734,-5.748761,174.72897,,,,,,,175.91272,-2.280886,179.69064,176.14401,-1.1068057,180.3279,176.36673,0.29934007,181.02174,172.65869,-5.248995,172.61156,168.45724,-3.303944,166.48825,171.18205,-4.4856844,170.12358,168.53365,-3.297515,166.3629,166.13174,7.661252,165.139,171.35506,2.537705,175.04482,170.74217,6.400766,174.59369,170.15164,8.010138,174.05074,174.75282,2.6347039,174.88472,175.67783,6.286261,175.9633,175.43704,7.687031,176.01543,166.80777,8.862721,167.95227,168.3079,3.7491534,168.77615,169.83336,3.866428,167.26933,,,,169.4408,8.033678,167.292,168.99596,9.228008,167.13141,170.66635,4.0243974,172.40927,,,,,,
284,176.6163,6.70443,184.53703,175.2873,-1.7465401,179.04475,175.34128,-0.39737517,179.32274,176.2337,3.3222892,181.89746,176.51974,5.9972925,183.56404,,,,,,,175.67906,-3.7014089,172.90904,175.77586,-5.03975,174.53331,,,,175.71634,-2.9021142,179.87274,,,,170.25978,-4.5630536,174.4232,172.6831,-5.86926,174.88849,,,,,,,175.88849,-2.3349876,180.08945,176.33078,-1.1540095,180.53905,176.40741,0.32814372,181.16943,172.81714,-5.27141,172.86646,168.40543,-3.3307843,166.73538,171.368,-4.4969983,170.325,168.59474,-3.3148634,166.42455,166.30898,7.6990824,165.33156,171.3955,2.4892356,175.10686,170.92654,6.377957,174.78339,170.33331,7.9764037,174.23853,174.94006,2.616442,175.07248,175.67877,6.367618,175.99724,175.52463,7.7334347,176.05147,167.48235,8.818597,168.63507,168.65468,3.696498,169.12523,169.80528,3.77047,167.3025,,,,169.38503,7.9764786,167.24272,168.86212,9.250497,167.00711,170.67429,4.0470886,172.46645,172.32451,-0.6605187,169.9072,,,
285,176.62495,6.6906962,184.5199,175.45554,-1.748291,179.33653,175.32684,-0.45908183,179.58504,176.34982,3.3100188,182.02055,176.66225,5.9821873,183.72986,,,,,,,175.99335,-3.5316699,172.70128,176.0969,-5.0752597,174.85245,,,,175.69998,-2.9704208,179.9443,,,,170.31927,-4.5886893,174.58728,173.13515,-5.920483,175.46327,,,,,,,176.00279,-2.3745298,180.31284,176.44426,-1.1930567,180.67163,176.47722,0.35545817,181.36668,172.80879,-5.281756,172.93454,168.46072,-3.338498,166.92892,171.35985,-4.508079,170.43336,168.64883,-3.3226573,166.61954,166.55817,7.705974,165.39516,171.47542,2.4220586,175.21706,170.93208,6.419863,174.8923,170.36493,7.904753,174.3073,174.94424,2.5636482,175.13576,175.68153,6.4107056,176.01572,,,,168.2555,8.866686,169.1424,168.80774,3.525423,169.30316,169.76689,3.7502015,167.51656,,,,169.31471,7.832588,167.3152,168.80775,9.243453,167.09697,170.7909,4.0273366,172.58163,,,,,,
286,176.66733,6.682891,184.44978,175.52415,-1.7629949,179.52138,175.3988,-0.7387036,179.71294,176.41692,3.544044,182.2498,176.75246,5.9698205,183.89178,,,,,,,176.11394,-3.517192,172.7847,176.1784,-5.0890775,175.00008,,,,175.78189,-3.0025353,180.10872,,,,170.37715,-4.678446,174.61215,173.12692,-5.9115996,175.53989,,,,,,,176.12616,-2.4116971,180.52048,176.46022,-1.2342288,180.80652,176.48358,0.34848177,181.37517,172.81102,-5.278857,172.98128,168.62921,-3.3362193,167.15193,171.3534,-4.4999523,170.49158,168.81909,-3.3202055,166.83867,166.70596,7.752474,165.5586,171.56415,2.4098978,175.39246,171.02214,6.396399,175.0052,170.4108,7.749888,174.44505,,,,175.61057,6.4081106,176.13582,175.38109,7.67556,175.88649,168.64337,8.839933,169.53442,168.83842,3.4750812,169.62108,169.79266,3.5884953,167.49495,168.79744,7.6089325,169.59729,169.0342,7.80537,167.5724,168.5977,9.172834,167.42712,170.97943,3.9885285,172.85527,,,,,,
287,176.68729,6.68974,184.4124,175.5758,-1.7758448,179.69336,175.36198,-0.75619817,179.7874,176.5609,3.5352063,182.44371,176.8084,5.990587,183.95566,176.14862,-3.0824358,179.70413,,,,176.1504,-3.5158312,172.77547,176.1794,-5.175895,175.02261,,,,176.07582,-3.0200615,180.44379,,,,170.47511,-4.667073,174.83119,173.20285,-5.793998,175.63335,,,,,,,176.12189,-2.701817,180.52647,176.41528,-1.2741052,180.9871,176.66353,0.2382626,181.59775,172.83446,-5.2955484,173.21971,168.64523,-3.2179217,167.19478,171.4491,-4.50962,170.6041,168.78212,-3.2065375,166.96889,166.64139,7.840138,165.69188,171.52422,2.095776,175.3763,171.14131,6.374354,175.12816,170.7434,7.5978603,174.81244,,,,175.56929,6.3787866,176.11287,175.36292,7.591938,176.04488,169.11555,8.806832,170.01164,168.99103,2.944249,169.93968,169.82304,3.44044,167.64674,169.02483,7.5922904,169.84116,169.02365,7.826764,167.59895,168.57553,9.167476,167.45021,170.99117,3.9978118,172.87024,172.53642,-0.3106279,170.3856,,,
288,176.78821,6.501453,184.19388,175.56064,-1.7867228,179.73592,175.3847,-0.7690863,179.80724,176.60039,3.508137,182.48543,176.81241,5.9434443,183.96422,,,,,,,176.39653,-3.446596,173.0504,176.27803,-5.2482505,175.15924,,,,,,,,,,170.49104,-4.69193,175.05693,173.16977,-5.818932,175.69409,,,,,,,176.10138,-2.7545485,180.62354,176.38608,-1.3162863,181.10838,176.6811,0.2328877,181.66605,172.80838,-5.327469,173.26277,168.65976,-3.1521728,167.2089,171.49295,-4.5354376,170.69835,168.765,-3.1434877,167.03519,166.77106,7.8060036,165.8642,171.60605,2.0621018,175.56767,171.31161,6.20007,175.26591,170.91728,7.576289,174.99316,,,,175.59737,6.2303925,176.15659,175.38983,7.440245,176.17955,169.38766,8.717513,170.2768,168.93385,2.5399897,169.89027,169.9936,3.4232037,167.81564,169.2831,7.5250444,170.14369,169.14098,7.737267,167.95734,168.42809,9.141283,167.67586,171.21083,3.9059927,172.92786,172.64496,-0.34378868,170.52966,,,
289,176.94432,6.5192733,184.313,175.62915,-1.8296692,179.86203,175.4409,-0.76820225,179.92888,176.64937,3.496921,182.4917,176.89076,6.024058,183.83603,176.2806,-3.2014356,180.01257,,,,176.51427,-3.4879076,173.17082,176.34064,-5.3305407,175.32979,,,,,,,,,,170.51213,-4.7072086,175.28342,173.30801,-5.7472568,175.90149,,,,,,,176.11003,-2.8058956,180.68549,176.38376,-1.338599,181.16281,176.83318,0.1224146,181.79501,172.9428,-5.3489404,173.4869,168.6489,-3.1530695,167.2268,171.65564,-4.598204,170.95552,168.75536,-3.1442842,167.0511,166.80617,7.8312855,166.02145,171.58551,2.0627682,175.60985,171.47546,6.1039658,175.47942,171.10892,7.530801,175.18007,,,,175.52594,6.183078,176.18182,175.25108,7.422234,176.05064,169.59332,8.4759445,170.5131,168.91191,2.516755,169.92723,169.9936,3.4232037,167.81564,169.53494,7.401034,170.3784,169.09251,7.714025,168.02899,168.44473,9.1313505,167.77618,171.4108,3.901605,173.13414,172.67584,-0.34649402,170.56026,,,
290,177.05415,6.5240417,184.09538,175.75856,-1.9535022,179.98976,175.59409,-0.89511096,179.9952,176.84793,3.2735705,182.47948,177.03787,5.996401,183.90353,,,,,,,176.59363,-3.4400759,173.30788,176.30489,-5.385776,175.38077,,,,,,,,,,170.53345,-4.7207546,175.38669,173.25656,-5.772239,176.2408,,,,,,,176.22751,-2.7785025,180.89224,176.51103,-1.4316798,181.34906,176.84753,0.07953906,181.75858,172.98027,-5.3610997,173.60468,168.61844,-3.113969,167.30524,171.62366,-4.6114407,171.00723,168.76682,-3.1017964,167.06026,,,,171.72305,2.0066836,175.8365,171.73846,6.061434,175.75053,171.19565,7.4534574,175.08865,,,,175.45837,6.1794667,176.1831,175.37297,7.4097548,176.211,170.03673,8.390677,170.95396,169.10284,2.4182088,170.19162,169.98335,3.4290917,167.89252,169.96982,7.2558846,170.81244,168.96494,7.6729326,167.98717,168.4373,9.126335,167.7908,171.54266,3.9344938,173.2664,,,,,,
291,177.0578,6.5731344,184.02335,175.77003,-2.0009863,180.03069,175.61641,-0.918303,180.01596,176.8631,3.2562008,182.49574,177.14949,5.9288054,183.6884,,,,,,,176.50403,-3.8715959,173.27116,176.48106,-5.4452963,175.57825,,,,,,,,,,170.60938,-4.6614976,175.52501,173.24309,-5.7896647,176.42961,,,,,,,176.23051,-2.8359702,180.92674,176.51334,-1.4794451,181.38206,177.01497,0.05326638,182.01813,173.03397,-5.45914,173.6636,168.66339,-3.169985,167.40619,171.6451,-4.6155295,171.06236,168.83295,-3.1559765,167.12599,167.08437,7.8758593,166.40059,171.84613,1.9808004,175.98439,171.82318,6.046394,175.83533,171.2836,7.4102287,175.17899,,,,175.45139,6.1614985,176.19211,175.327,7.5503926,176.34698,170.14441,8.343426,171.07277,169.1853,2.732483,170.34267,170.18912,3.4130301,168.11668,170.31659,7.216645,171.16037,168.958,7.6686773,168.20503,168.38826,9.0785675,167.73378,171.64754,3.9443395,173.3721,,,,,,
292,177.1884,6.4163575,183.74252,175.91385,-2.0433466,180.19902,175.59358,-0.6653284,180.0763,176.88234,3.166517,182.48126,177.16956,5.9042096,183.64293,,,,,,,176.54054,-3.8494787,173.33574,176.54303,-5.484697,175.67365,,,,,,,,,,170.6726,-4.69935,175.6411,173.23515,-5.790397,176.44408,,,,,,,176.37808,-2.858241,181.1049,176.66196,-1.4981356,181.56154,177.0637,-0.09310617,182.0263,173.09613,-5.4436235,173.75485,168.94229,-3.2182648,167.73073,171.69688,-4.6277714,171.23253,169.09137,-3.2059004,167.4832,167.30621,7.8548894,166.62328,171.91109,1.961738,176.07858,172.12366,6.020769,176.14418,171.38983,7.387596,175.29015,,,,175.40604,6.163919,176.18095,175.17242,7.7161517,176.27756,170.28563,8.324087,171.21652,169.25662,2.6082292,170.42656,170.04236,3.5624332,168.72104,170.44476,7.3105893,171.3187,168.85504,7.667372,168.16043,168.35095,9.094624,167.80322,171.63013,3.9233313,173.39488,173.01015,-0.4639836,171.09438,,,
293,176.995,6.3458242,183.42146,175.90466,-2.0555193,180.24712,175.72235,-0.65898806,180.2702,177.01839,3.1250885,182.66058,177.05568,5.9338694,183.50127,,,,,,,176.64125,-3.888586,173.44562,176.5332,-5.5519204,175.6862,,,,,,,,,,170.68187,-4.705672,175.73415,173.19858,-5.8310804,176.49207,,,,,,,176.39726,-2.896311,181.1759,176.667,-1.4547933,181.64317,177.0914,-0.1343075,182.11621,173.13905,-5.4865537,173.839,168.95848,-3.1151628,167.77428,171.74603,-4.6608853,171.36935,168.98999,-3.1125815,167.72194,167.41803,7.8501115,166.64993,171.93437,1.9568071,176.15605,172.15256,6.078509,176.22253,171.443,7.2915297,175.39622,,,,175.30247,6.159262,176.37393,175.14287,7.7807837,176.34302,170.61212,8.2987175,171.57994,169.73492,2.6081686,170.94566,170.1488,3.6569033,168.8244,170.59108,7.167111,171.49117,168.84654,7.6732173,168.17715,168.41359,9.0672245,167.95297,171.61557,3.9225898,173.42055,173.01683,-0.63858664,171.09163,,,
294,177.0015,6.397376,183.42598,175.93187,-2.0868063,180.32414,175.80872,-0.68182343,180.35454,177.05267,3.1228104,182.67096,177.05144,5.9879217,183.26581,,,,,,,176.74915,-3.6176212,173.63719,176.65074,-5.569694,175.85712,,,,,,,,,,170.88466,-4.7585845,176.0195,173.21655,-5.9064894,176.55315,,,,,,,176.44814,-2.932598,181.27937,176.72653,-1.4760648,181.76128,177.20496,-0.13480276,182.22737,173.15602,-5.519722,173.84482,169.04912,-3.1465428,167.85638,171.7683,-4.624165,171.4054,169.08061,-3.1439629,167.80399,167.50273,7.788728,166.72559,171.93805,1.9410278,176.1551,172.5988,6.1293473,176.72641,171.54443,7.2748604,175.5502,,,,175.33765,6.245789,176.44034,175.23514,7.8673434,176.5359,170.65955,8.361244,171.67972,169.72267,2.5936015,170.9666,170.13037,3.5559692,168.80856,170.75468,7.181245,171.66344,168.7456,7.561435,168.32533,168.38669,9.088243,168.00719,171.59647,3.8333302,173.4403,,,,,,
295,176.93388,6.3960524,183.22324,175.96774,-2.101569,180.35735,175.94395,-0.71942496,180.52312,177.10118,3.1281214,182.63135,177.05463,6.0130286,183.26813,,,,,,,176.69966,-3.5479457,173.77759,176.69261,-5.566772,175.89763,,,,,,,,,,170.97578,-4.868845,176.14938,173.30315,-5.9087195,176.67258,,,,,,,176.59631,-2.9520607,181.45824,176.87416,-1.4843059,181.94334,177.2032,-0.2902628,182.2879,173.26964,-5.523966,173.99954,169.06624,-3.1010914,167.86998,171.82391,-4.6345105,171.54308,169.09674,-3.0986097,167.81923,167.58656,7.61291,166.73369,172.06424,1.960993,176.27875,172.93436,6.0983515,177.10553,171.53198,7.2743664,175.5724,,,,175.3666,6.260249,176.51979,175.11208,7.906532,176.41011,170.69293,8.388616,171.71367,169.72493,2.5728192,170.96272,170.41064,2.4261823,168.33463,170.85289,7.173904,171.76254,168.80054,7.54498,168.3714,168.387,9.085306,168.00667,171.6673,3.8142164,173.52904,173.1194,-0.5886553,171.2132,,,
296,176.8865,6.568248,183.23183,176.07944,-2.1002316,180.47177,176.08818,-0.7833804,180.7843,177.12775,3.1069155,182.57916,177.06409,6.2228813,183.29486,,,,,,,176.7353,-3.5703285,173.88074,176.72049,-5.5705385,175.98529,,,,176.35562,-3.2862477,181.32684,,,,170.9285,-4.9232,176.20673,173.33798,-5.972792,176.79663,,,,,,,176.76192,-2.976845,181.74913,176.88037,-1.467841,182.07431,177.1955,-0.29313916,182.34042,173.36351,-5.510802,174.13826,169.32631,-3.1312666,168.04219,171.8818,-4.6358457,171.60237,169.35753,-3.1287165,167.99002,167.59695,7.515455,166.71593,172.13162,1.9482878,176.40039,172.99977,6.0885696,177.26001,171.91301,7.288956,176.04442,,,,175.20657,6.261083,176.82391,175.06429,7.915113,176.50253,170.70534,8.399694,171.72575,169.54228,2.1368074,170.75719,170.455,2.195556,168.18427,170.8705,7.16226,171.75414,168.82426,7.6758213,168.41927,168.39699,9.158402,168.03003,171.7197,3.7995245,173.57909,,,,,,
297,176.84167,6.638598,183.19576,176.28697,-2.0920057,180.12395,176.07959,-0.8904183,180.82478,177.12888,3.1069784,182.57693,177.06331,6.23106,183.29643,,,,,,,176.81735,-3.7149205,173.91605,176.77876,-5.601726,176.12697,176.97018,0.0829033,183.46962,,,,,,,170.95009,-4.940472,176.23215,173.42772,-5.9942093,176.9038,176.96997,0.08487372,183.47005,,,,176.73593,-2.934394,181.82036,176.97165,-1.4759072,182.25104,177.06529,-0.20319082,182.73909,173.41847,-5.4983497,174.37585,169.3294,-3.2741787,168.0381,172.04036,-4.6092668,171.81458,169.36064,-3.2715952,167.98595,167.75609,7.4897904,166.87608,172.25043,1.1807699,176.24138,173.15492,6.0358644,177.42117,172.11317,7.2781177,176.23337,175.56541,0.9084788,176.29573,175.16008,6.259035,176.91069,174.97285,7.912447,176.66449,170.95457,8.433187,171.93114,169.48636,1.6701938,170.67668,170.66768,1.7319692,168.29402,170.88252,7.202219,171.76779,168.8227,7.6701303,168.4219,168.39066,9.153212,168.0834,171.90836,3.7827265,173.74927,173.41022,-0.6699468,171.34554,,,
298,176.81808,6.6409416,183.1712,176.2692,-2.1053092,180.12709,176.07303,-0.9424493,180.81798,177.13408,3.1101913,182.51295,177.0433,6.072805,183.28186,,,,,,,176.81735,-3.7149205,173.91605,176.7781,-5.607972,176.12823,176.97218,0.06432669,183.4657,,,,,,,170.94943,-4.9350805,176.23334,173.42543,-6.000485,176.90794,176.97018,0.0829033,183.46962,,,,176.73392,-2.9289114,181.82423,176.97287,-1.4993331,182.24872,177.05934,-0.177521,182.75081,173.40446,-5.4996104,174.40111,169.31607,-3.335727,168.02524,171.97417,-4.593705,171.9307,169.37242,-3.3310344,167.9312,167.71045,7.463561,166.94011,172.24173,1.1171327,176.23123,173.13698,5.9433403,177.41194,172.11363,7.273468,176.23256,175.49562,0.8246092,176.35167,175.12816,6.141252,176.93658,174.83896,7.8294673,176.72894,170.98175,8.409372,171.88397,169.42644,1.6114649,170.73831,170.65639,1.6726124,168.28468,170.91153,7.14597,171.71748,168.80359,7.6714892,168.40276,168.23111,9.164262,167.92314,171.90973,3.7731037,173.7451,173.40297,-0.6097167,171.35841,,,
299,176.77455,6.579844,183.10573,176.25742,-2.184504,180.11636,176.06339,-0.9759935,180.83214,177.22609,2.8220088,182.202,177.16447,5.9793386,182.99113,,,,,,,176.81912,-3.7299912,173.91278,176.56807,-5.6166325,176.13252,,,,,,,,,,170.91231,-4.922363,176.20255,173.40572,-6.0045204,176.94412,,,,,,,176.72704,-2.9280791,181.81715,176.85756,-1.5088893,182.12204,177.05641,-0.16323265,182.75438,173.40225,-5.5116405,174.399,169.19952,-3.3636382,168.21255,171.9623,-4.6341195,171.9416,169.34523,-3.3514879,167.9693,167.49857,7.497628,166.83737,172.24416,1.0938439,176.22682,173.17622,5.946419,177.33315,172.24292,7.2739444,175.9997,175.4588,0.7251234,176.39256,174.92372,5.9666233,176.96072,174.71564,7.648754,176.82584,171.03127,8.366375,171.78831,169.39551,1.609466,170.79082,170.59956,1.6082182,168.34111,170.87578,7.123573,171.74498,168.81859,7.613919,168.35391,168.28783,9.143344,167.78798,171.87195,3.4496975,173.6836,173.37474,-0.6351144,171.40855,,,
